date,data,cols
1999-12-27,1.8541,tmin
2000-01-03,2.9894,tmin
2000-01-10,0.2821,tmin
2000-01-17,2.4369,tmin
2000-01-24,1.0736,tmin
2000-01-31,5.7402,tmin
2000-02-07,3.7623,tmin
2000-02-14,0.6233,tmin
2000-02-21,0.4646,tmin
2000-02-28,2.0723,tmin
2000-03-06,4.8033,tmin
2000-03-13,4.1779,tmin
2000-03-20,3.071,tmin
2000-03-27,2.8462,tmin
2000-04-03,2.3446,tmin
2000-04-10,2.2058,tmin
2000-04-17,7.5382,tmin
2000-04-24,8.8879,tmin
2000-05-01,9.9289,tmin
2000-05-08,11.6228,tmin
2000-05-15,9.4816,tmin
2000-05-22,8.9652,tmin
2000-05-29,8.554,tmin
2000-06-05,9.596,tmin
2000-06-12,11.0617,tmin
2000-06-19,14.3433,tmin
2000-06-26,9.6784,tmin
2000-07-03,11.955,tmin
2000-07-10,10.5211,tmin
2000-07-17,11.6223,tmin
2000-07-24,12.7891,tmin
2000-07-31,13.0345,tmin
2000-08-07,12.2148,tmin
2000-08-14,14.2282,tmin
2000-08-21,11.3338,tmin
2000-08-28,11.1137,tmin
2000-09-04,11.8154,tmin
2000-09-11,12.878,tmin
2000-09-18,9.5762,tmin
2000-09-25,12.2626,tmin
2000-10-02,7.7575,tmin
2000-10-09,7.2458,tmin
2000-10-16,7.9949,tmin
2000-10-23,9.6154,tmin
2000-10-30,5.7444,tmin
2000-11-06,5.685,tmin
2000-11-13,4.1837,tmin
2000-11-20,3.7564,tmin
2000-11-27,6.9675,tmin
2000-12-04,7.2764,tmin
2000-12-11,5.5404,tmin
2000-12-18,-3.4041,tmin
2000-12-25,-3.1845,tmin
2001-01-01,2.9145,tmin
2001-01-08,-1.142,tmin
2001-01-15,-4.2472,tmin
2001-01-22,1.2587,tmin
2001-01-29,-2.8352,tmin
2001-02-05,2.0707,tmin
2001-02-12,0.7851,tmin
2001-02-19,0.1904,tmin
2001-02-26,-2.2152,tmin
2001-03-05,2.5035,tmin
2001-03-12,1.8486,tmin
2001-03-19,-0.9954,tmin
2001-03-26,1.3425,tmin
2001-04-02,5.045,tmin
2001-04-09,1.7643,tmin
2001-04-16,0.9427,tmin
2001-04-23,4.5704,tmin
2001-04-30,5.9448,tmin
2001-05-07,8.1124,tmin
2001-05-14,8.3943,tmin
2001-05-21,7.2266,tmin
2001-05-28,9.9445,tmin
2001-06-04,7.8435,tmin
2001-06-11,8.7335,tmin
2001-06-18,9.924,tmin
2001-06-25,12.7751,tmin
2001-07-02,15.8593,tmin
2001-07-09,12.556,tmin
2001-07-16,11.8197,tmin
2001-07-23,13.775,tmin
2001-07-30,13.7433,tmin
2001-08-06,12.7771,tmin
2001-08-13,15.7666,tmin
2001-08-20,15.6929,tmin
2001-08-27,12.8454,tmin
2001-09-03,11.0756,tmin
2001-09-10,9.8774,tmin
2001-09-17,8.6758,tmin
2001-09-24,10.2875,tmin
2001-10-01,12.3783,tmin
2001-10-08,12.3511,tmin
2001-10-15,10.9586,tmin
2001-10-22,10.0365,tmin
2001-10-29,9.4894,tmin
2001-11-05,3.3435,tmin
2001-11-12,3.2685,tmin
2001-11-19,5.1915,tmin
2001-11-26,4.3839,tmin
2001-12-03,2.6204,tmin
2001-12-10,-2.1402,tmin
2001-12-17,-1.7773,tmin
2001-12-24,-0.8032,tmin
2001-12-31,-4.1003,tmin
2002-01-07,-1.132,tmin
2002-01-14,2.0468,tmin
2002-01-21,5.1624,tmin
2002-01-28,7.7588,tmin
2002-02-04,6.1821,tmin
2002-02-11,0.8178,tmin
2002-02-18,1.2244,tmin
2002-02-25,1.3849,tmin
2002-03-04,4.6957,tmin
2002-03-11,2.708,tmin
2002-03-18,3.8781,tmin
2002-03-25,-0.2605,tmin
2002-04-01,3.5095,tmin
2002-04-08,2.7838,tmin
2002-04-15,4.9269,tmin
2002-04-22,7.0891,tmin
2002-04-29,6.304,tmin
2002-05-06,9.2993,tmin
2002-05-13,9.0606,tmin
2002-05-20,11.3303,tmin
2002-05-27,9.2876,tmin
2002-06-03,13.6265,tmin
2002-06-10,11.8371,tmin
2002-06-17,12.6668,tmin
2002-06-24,10.9878,tmin
2002-07-01,11.6603,tmin
2002-07-08,13.0578,tmin
2002-07-15,13.8696,tmin
2002-07-22,13.4252,tmin
2002-07-29,17.0113,tmin
2002-08-05,15.143,tmin
2002-08-12,15.4809,tmin
2002-08-19,16.367,tmin
2002-08-26,14.6089,tmin
2002-09-02,12.5825,tmin
2002-09-09,13.5174,tmin
2002-09-16,11.3633,tmin
2002-09-23,8.8962,tmin
2002-09-30,8.556,tmin
2002-10-07,3.5497,tmin
2002-10-14,4.1236,tmin
2002-10-21,6.7183,tmin
2002-10-28,4.2503,tmin
2002-11-04,3.0101,tmin
2002-11-11,5.2727,tmin
2002-11-18,2.0442,tmin
2002-11-25,4.4397,tmin
2002-12-02,0.899,tmin
2002-12-09,-7.1223,tmin
2002-12-16,-2.6636,tmin
2002-12-23,3.4108,tmin
2002-12-30,-3.1804,tmin
2003-01-06,-7.9204,tmin
2003-01-13,2.8129,tmin
2003-01-20,2.9828,tmin
2003-01-27,-1.4393,tmin
2003-02-03,0.2216,tmin
2003-02-10,-4.3137,tmin
2003-02-17,-4.5725,tmin
2003-02-24,-0.2283,tmin
2003-03-03,3.3725,tmin
2003-03-10,1.3833,tmin
2003-03-17,-0.7801,tmin
2003-03-24,2.828,tmin
2003-03-31,1.572,tmin
2003-04-07,-1.9049,tmin
2003-04-14,6.0097,tmin
2003-04-21,7.4529,tmin
2003-04-28,8.6299,tmin
2003-05-05,7.5778,tmin
2003-05-12,7.3205,tmin
2003-05-19,9.9148,tmin
2003-05-26,10.47,tmin
2003-06-02,13.6163,tmin
2003-06-09,11.0136,tmin
2003-06-16,11.8933,tmin
2003-06-23,12.4614,tmin
2003-06-30,12.9458,tmin
2003-07-07,11.7373,tmin
2003-07-14,15.7718,tmin
2003-07-21,14.9124,tmin
2003-07-28,14.7456,tmin
2003-08-04,16.8427,tmin
2003-08-11,15.8253,tmin
2003-08-18,14.8141,tmin
2003-08-25,12.3574,tmin
2003-09-01,10.9073,tmin
2003-09-08,9.9576,tmin
2003-09-15,12.3662,tmin
2003-09-22,8.5939,tmin
2003-09-29,7.3181,tmin
2003-10-06,8.2413,tmin
2003-10-13,1.9784,tmin
2003-10-20,-0.3852,tmin
2003-10-27,1.4684,tmin
2003-11-03,5.2698,tmin
2003-11-10,3.0056,tmin
2003-11-17,8.0087,tmin
2003-11-24,3.7087,tmin
2003-12-01,2.4508,tmin
2003-12-08,-1.2518,tmin
2003-12-15,2.0545,tmin
2003-12-22,2.2275,tmin
2003-12-29,-2.0996,tmin
2004-01-05,2.5764,tmin
2004-01-12,2.6296,tmin
2004-01-19,-0.4996,tmin
2004-01-26,-0.0416,tmin
2004-02-02,7.1535,tmin
2004-02-09,2.3917,tmin
2004-02-16,-0.4216,tmin
2004-02-23,-3.189,tmin
2004-03-01,-1.0493,tmin
2004-03-08,0.4406,tmin
2004-03-15,6.4798,tmin
2004-03-22,0.5729,tmin
2004-03-29,5.3178,tmin
2004-04-05,3.0191,tmin
2004-04-12,4.8889,tmin
2004-04-19,4.8947,tmin
2004-04-26,8.8596,tmin
2004-05-03,7.5248,tmin
2004-05-10,8.2356,tmin
2004-05-17,7.3654,tmin
2004-05-24,6.8342,tmin
2004-05-31,10.169,tmin
2004-06-07,12.8243,tmin
2004-06-14,10.4354,tmin
2004-06-21,10.5862,tmin
2004-06-28,11.4968,tmin
2004-07-05,10.6975,tmin
2004-07-12,12.9551,tmin
2004-07-19,13.4303,tmin
2004-07-26,12.7655,tmin
2004-08-02,16.2814,tmin
2004-08-09,16.7794,tmin
2004-08-16,14.3363,tmin
2004-08-23,12.2686,tmin
2004-08-30,11.9018,tmin
2004-09-06,12.6689,tmin
2004-09-13,11.0886,tmin
2004-09-20,10.3033,tmin
2004-09-27,10.5035,tmin
2004-10-04,9.0818,tmin
2004-10-11,4.6067,tmin
2004-10-18,9.4361,tmin
2004-10-25,7.7972,tmin
2004-11-01,6.9549,tmin
2004-11-08,2.1286,tmin
2004-11-15,4.2056,tmin
2004-11-22,1.5169,tmin
2004-11-29,2.015,tmin
2004-12-06,1.2803,tmin
2004-12-13,0.6566,tmin
2004-12-20,0.2756,tmin
2004-12-27,1.6671,tmin
2005-01-03,5.684,tmin
2005-01-10,2.9728,tmin
2005-01-17,1.9579,tmin
2005-01-24,-1.8194,tmin
2005-01-31,2.3399,tmin
2005-02-07,-0.1459,tmin
2005-02-14,-0.9042,tmin
2005-02-21,-2.5165,tmin
2005-02-28,-7.9749,tmin
2005-03-07,-1.0062,tmin
2005-03-14,4.3738,tmin
2005-03-21,5.0993,tmin
2005-03-28,5.133,tmin
2005-04-04,4.3597,tmin
2005-04-11,6.4029,tmin
2005-04-18,3.8412,tmin
2005-04-25,7.2247,tmin
2005-05-02,6.6836,tmin
2005-05-09,5.2442,tmin
2005-05-16,6.8717,tmin
2005-05-23,11.3457,tmin
2005-05-30,10.1376,tmin
2005-06-06,7.252,tmin
2005-06-13,10.2083,tmin
2005-06-20,13.9337,tmin
2005-06-27,11.9913,tmin
2005-07-04,12.7537,tmin
2005-07-11,14.2202,tmin
2005-07-18,13.1388,tmin
2005-07-25,13.9013,tmin
2005-08-01,11.0812,tmin
2005-08-08,11.8249,tmin
2005-08-15,13.3964,tmin
2005-08-22,11.518,tmin
2005-08-29,13.3068,tmin
2005-09-05,15.3151,tmin
2005-09-12,10.3826,tmin
2005-09-19,9.2327,tmin
2005-09-26,10.0777,tmin
2005-10-03,9.786,tmin
2005-10-10,9.7886,tmin
2005-10-17,7.2941,tmin
2005-10-24,12.0168,tmin
2005-10-31,9.4695,tmin
2005-11-07,7.5176,tmin
2005-11-14,2.3247,tmin
2005-11-21,0.8747,tmin
2005-11-28,0.4049,tmin
2005-12-05,2.4568,tmin
2005-12-12,3.5175,tmin
2005-12-19,3.4974,tmin
2005-12-26,-2.3019,tmin
2006-01-02,-0.9627,tmin
2006-01-09,-2.1763,tmin
2006-01-16,-1.0884,tmin
2006-01-23,-4.9868,tmin
2006-01-30,-1.7317,tmin
2006-02-06,-0.0029,tmin
2006-02-13,0.8777,tmin
2006-02-20,-0.8405,tmin
2006-02-27,-2.939,tmin
2006-03-06,-2.4485,tmin
2006-03-13,-3.0384,tmin
2006-03-20,0.0886,tmin
2006-03-27,6.2435,tmin
2006-04-03,2.2386,tmin
2006-04-10,2.9004,tmin
2006-04-17,5.3879,tmin
2006-04-24,5.2278,tmin
2006-05-01,9.3936,tmin
2006-05-08,9.1951,tmin
2006-05-15,9.7097,tmin
2006-05-22,8.4459,tmin
2006-05-29,7.5779,tmin
2006-06-05,8.6263,tmin
2006-06-12,12.632,tmin
2006-06-19,13.1429,tmin
2006-06-26,12.4478,tmin
2006-07-03,16.9156,tmin
2006-07-10,13.2695,tmin
2006-07-17,16.4766,tmin
2006-07-24,17.377,tmin
2006-07-31,14.1916,tmin
2006-08-07,12.3737,tmin
2006-08-14,14.0898,tmin
2006-08-21,13.1124,tmin
2006-08-28,12.9368,tmin
2006-09-04,12.9496,tmin
2006-09-11,15.0523,tmin
2006-09-18,13.9084,tmin
2006-09-25,13.2392,tmin
2006-10-02,11.3515,tmin
2006-10-09,10.8958,tmin
2006-10-16,10.0343,tmin
2006-10-23,10.4299,tmin
2006-10-30,5.6233,tmin
2006-11-06,6.376,tmin
2006-11-13,7.8866,tmin
2006-11-20,6.1429,tmin
2006-11-27,6.5797,tmin
2006-12-04,6.346,tmin
2006-12-11,5.6798,tmin
2006-12-18,3.0899,tmin
2006-12-25,3.3312,tmin
2007-01-01,5.1388,tmin
2007-01-08,7.3031,tmin
2007-01-15,5.852,tmin
2007-01-22,-1.4883,tmin
2007-01-29,4.6935,tmin
2007-02-05,-0.8357,tmin
2007-02-12,3.1364,tmin
2007-02-19,4.2463,tmin
2007-02-26,3.4732,tmin
2007-03-05,5.2523,tmin
2007-03-12,4.0641,tmin
2007-03-19,3.3875,tmin
2007-03-26,4.9583,tmin
2007-04-02,3.8898,tmin
2007-04-09,8.1748,tmin
2007-04-16,5.228,tmin
2007-04-23,10.2928,tmin
2007-04-30,6.7261,tmin
2007-05-07,9.1473,tmin
2007-05-14,7.4659,tmin
2007-05-21,10.6124,tmin
2007-05-28,10.7218,tmin
2007-06-04,15.0381,tmin
2007-06-11,14.0827,tmin
2007-06-18,13.208,tmin
2007-06-25,11.4168,tmin
2007-07-02,12.3944,tmin
2007-07-09,12.765,tmin
2007-07-16,14.1767,tmin
2007-07-23,12.818,tmin
2007-07-30,12.1856,tmin
2007-08-06,13.744,tmin
2007-08-13,13.3133,tmin
2007-08-20,13.4407,tmin
2007-08-27,11.1987,tmin
2007-09-03,11.9252,tmin
2007-09-10,11.0651,tmin
2007-09-17,10.5842,tmin
2007-09-24,9.876,tmin
2007-10-01,8.8157,tmin
2007-10-08,6.8975,tmin
2007-10-15,6.3323,tmin
2007-10-22,5.2622,tmin
2007-10-29,8.2045,tmin
2007-11-05,5.7483,tmin
2007-11-12,1.1702,tmin
2007-11-19,3.4146,tmin
2007-11-26,4.6957,tmin
2007-12-03,5.6882,tmin
2007-12-10,0.9721,tmin
2007-12-17,-3.0457,tmin
2007-12-24,2.2093,tmin
2007-12-31,-0.7949,tmin
2008-01-07,3.9443,tmin
2008-01-14,4.5216,tmin
2008-01-21,4.2183,tmin
2008-01-28,2.6024,tmin
2008-02-04,2.3028,tmin
2008-02-11,-1.3751,tmin
2008-02-18,3.0365,tmin
2008-02-25,4.5269,tmin
2008-03-03,2.5037,tmin
2008-03-10,3.4709,tmin
2008-03-17,-0.1059,tmin
2008-03-24,0.7523,tmin
2008-03-31,3.6859,tmin
2008-04-07,0.1224,tmin
2008-04-14,2.3691,tmin
2008-04-21,6.446,tmin
2008-04-28,6.2704,tmin
2008-05-05,9.4236,tmin
2008-05-12,9.5058,tmin
2008-05-19,7.9399,tmin
2008-05-26,12.558,tmin
2008-06-02,14.5174,tmin
2008-06-09,9.946,tmin
2008-06-16,10.7827,tmin
2008-06-23,12.1016,tmin
2008-06-30,13.6624,tmin
2008-07-07,12.4124,tmin
2008-07-14,12.7947,tmin
2008-07-21,14.4811,tmin
2008-07-28,16.2328,tmin
2008-08-04,14.5048,tmin
2008-08-11,12.2583,tmin
2008-08-18,13.2169,tmin
2008-08-25,14.359,tmin
2008-09-01,12.5861,tmin
2008-09-08,12.3623,tmin
2008-09-15,7.4913,tmin
2008-09-22,8.8027,tmin
2008-09-29,8.1795,tmin
2008-10-06,8.925,tmin
2008-10-13,9.2663,tmin
2008-10-20,6.5762,tmin
2008-10-27,2.3535,tmin
2008-11-03,7.8147,tmin
2008-11-10,7.1935,tmin
2008-11-17,3.0415,tmin
2008-11-24,1.1485,tmin
2008-12-01,0.8177,tmin
2008-12-08,-0.1406,tmin
2008-12-15,1.7751,tmin
2008-12-22,0.9333,tmin
2008-12-29,-4.647,tmin
2009-01-05,-5.0013,tmin
2009-01-12,1.1459,tmin
2009-01-19,0.9829,tmin
2009-01-26,-2.5512,tmin
2009-02-02,-0.3579,tmin
2009-02-09,-1.0767,tmin
2009-02-16,0.2403,tmin
2009-02-23,3.8876,tmin
2009-03-02,2.5863,tmin
2009-03-09,3.2736,tmin
2009-03-16,1.026,tmin
2009-03-23,2.0316,tmin
2009-03-30,3.7186,tmin
2009-04-06,7.9923,tmin
2009-04-13,7.6737,tmin
2009-04-20,6.786,tmin
2009-04-27,7.0486,tmin
2009-05-04,8.3266,tmin
2009-05-11,8.3413,tmin
2009-05-18,8.4884,tmin
2009-05-25,9.3249,tmin
2009-06-01,8.3238,tmin
2009-06-08,9.7657,tmin
2009-06-15,9.5047,tmin
2009-06-22,13.2031,tmin
2009-06-29,14.9623,tmin
2009-07-06,12.311,tmin
2009-07-13,14.4657,tmin
2009-07-20,13.4045,tmin
2009-07-27,13.2728,tmin
2009-08-03,14.7284,tmin
2009-08-10,14.2379,tmin
2009-08-17,13.859,tmin
2009-08-24,13.0457,tmin
2009-08-31,13.2517,tmin
2009-09-07,13.2843,tmin
2009-09-14,11.654,tmin
2009-09-21,10.7117,tmin
2009-09-28,10.009,tmin
2009-10-05,7.2769,tmin
2009-10-12,4.5923,tmin
2009-10-19,5.4985,tmin
2009-10-26,8.0269,tmin
2009-11-02,4.2998,tmin
2009-11-09,6.5321,tmin
2009-11-16,8.0983,tmin
2009-11-23,7.0674,tmin
2009-11-30,2.6161,tmin
2009-12-07,3.1,tmin
2009-12-14,-6.8231,tmin
2009-12-21,-1.5772,tmin
2009-12-28,-4.6911,tmin
2010-01-04,-6.3509,tmin
2010-01-11,-3.4216,tmin
2010-01-18,-2.3095,tmin
2010-01-25,-5.3493,tmin
2010-02-01,-2.0969,tmin
2010-02-08,-5.7736,tmin
2010-02-15,-3.771,tmin
2010-02-22,1.6365,tmin
2010-03-01,-2.7647,tmin
2010-03-08,-1.2122,tmin
2010-03-15,4.3955,tmin
2010-03-22,5.2306,tmin
2010-03-29,3.9647,tmin
2010-04-05,4.5507,tmin
2010-04-12,2.2402,tmin
2010-04-19,2.6988,tmin
2010-04-26,7.4057,tmin
2010-05-03,4.7905,tmin
2010-05-10,4.4911,tmin
2010-05-17,6.9818,tmin
2010-05-24,6.8598,tmin
2010-05-31,8.3722,tmin
2010-06-07,11.7051,tmin
2010-06-14,9.0994,tmin
2010-06-21,9.6432,tmin
2010-06-28,14.6801,tmin
2010-07-05,14.7465,tmin
2010-07-12,15.656,tmin
2010-07-19,14.8061,tmin
2010-07-26,13.7094,tmin
2010-08-02,13.1421,tmin
2010-08-09,13.1368,tmin
2010-08-16,14.0927,tmin
2010-08-23,12.173,tmin
2010-08-30,9.6686,tmin
2010-09-06,11.7612,tmin
2010-09-13,10.1896,tmin
2010-09-20,9.8398,tmin
2010-09-27,9.733,tmin
2010-10-04,10.7781,tmin
2010-10-11,5.1682,tmin
2010-10-18,5.1466,tmin
2010-10-25,6.2625,tmin
2010-11-01,7.0946,tmin
2010-11-08,4.2682,tmin
2010-11-15,2.411,tmin
2010-11-22,-1.8212,tmin
2010-11-29,-5.6053,tmin
2010-12-06,-2.0151,tmin
2010-12-13,-6.2448,tmin
2010-12-20,-6.9586,tmin
2010-12-27,-5.0793,tmin
2011-01-03,-0.5586,tmin
2011-01-10,3.1804,tmin
2011-01-17,0.7162,tmin
2011-01-24,-2.0494,tmin
2011-01-31,2.5425,tmin
2011-02-07,1.2424,tmin
2011-02-14,-0.0964,tmin
2011-02-21,-1.4073,tmin
2011-02-28,-1.6214,tmin
2011-03-07,1.4275,tmin
2011-03-14,2.9617,tmin
2011-03-21,1.0081,tmin
2011-03-28,3.9268,tmin
2011-04-04,5.6071,tmin
2011-04-11,4.1126,tmin
2011-04-18,8.7579,tmin
2011-04-25,8.6519,tmin
2011-05-02,6.3019,tmin
2011-05-09,9.775,tmin
2011-05-16,9.7926,tmin
2011-05-23,9.6131,tmin
2011-05-30,10.3813,tmin
2011-06-06,10.0378,tmin
2011-06-13,11.3293,tmin
2011-06-20,11.3565,tmin
2011-06-27,13.0656,tmin
2011-07-04,12.3511,tmin
2011-07-11,13.0817,tmin
2011-07-18,12.2731,tmin
2011-07-25,12.5803,tmin
2011-08-01,14.6125,tmin
2011-08-08,12.6231,tmin
2011-08-15,11.7051,tmin
2011-08-22,13.6968,tmin
2011-08-29,11.317,tmin
2011-09-05,13.214,tmin
2011-09-12,10.7952,tmin
2011-09-19,10.0643,tmin
2011-09-26,11.4885,tmin
2011-10-03,9.8548,tmin
2011-10-10,6.9709,tmin
2011-10-17,4.5703,tmin
2011-10-24,7.308,tmin
2011-10-31,9.2272,tmin
2011-11-07,3.2738,tmin
2011-11-14,-0.418,tmin
2011-11-21,3.5334,tmin
2011-11-28,4.0694,tmin
2011-12-05,1.6804,tmin
2011-12-12,2.7343,tmin
2011-12-19,3.5515,tmin
2011-12-26,5.2712,tmin
2012-01-02,4.2734,tmin
2012-01-09,3.0354,tmin
2012-01-16,0.2566,tmin
2012-01-23,-0.7986,tmin
2012-01-30,-8.5821,tmin
2012-02-06,-8.3305,tmin
2012-02-13,1.1053,tmin
2012-02-20,2.3653,tmin
2012-02-27,4.4335,tmin
2012-03-05,2.5049,tmin
2012-03-12,4.1012,tmin
2012-03-19,2.8574,tmin
2012-03-26,3.8998,tmin
2012-04-02,1.3684,tmin
2012-04-09,3.1634,tmin
2012-04-16,3.2454,tmin
2012-04-23,6.7691,tmin
2012-04-30,7.7452,tmin
2012-05-07,7.7234,tmin
2012-05-14,7.4041,tmin
2012-05-21,13.5817,tmin
2012-05-28,8.9429,tmin
2012-06-04,9.4092,tmin
2012-06-11,9.422,tmin
2012-06-18,12.0323,tmin
2012-06-25,12.7718,tmin
2012-07-02,14.4267,tmin
2012-07-09,11.8674,tmin
2012-07-16,11.1848,tmin
2012-07-23,13.25,tmin
2012-07-30,13.0982,tmin
2012-08-06,12.7718,tmin
2012-08-13,15.8803,tmin
2012-08-20,14.0813,tmin
2012-08-27,11.8681,tmin
2012-09-03,12.6459,tmin
2012-09-10,11.2681,tmin
2012-09-17,8.6814,tmin
2012-09-24,9.7342,tmin
2012-10-01,9.3585,tmin
2012-10-08,5.3272,tmin
2012-10-15,9.8155,tmin
2012-10-22,5.4907,tmin
2012-10-29,3.8577,tmin
2012-11-05,6.0113,tmin
2012-11-12,2.1147,tmin
2012-11-19,3.4078,tmin
2012-11-26,1.4408,tmin
2012-12-03,-2.4673,tmin
2012-12-10,-0.4668,tmin
2012-12-17,1.8441,tmin
2012-12-24,4.0396,tmin
2012-12-31,6.1024,tmin
2013-01-07,0.6453,tmin
2013-01-14,-5.8426,tmin
2013-01-21,-6.1381,tmin
2013-01-28,2.8614,tmin
2013-02-04,-2.0347,tmin
2013-02-11,-1.8184,tmin
2013-02-18,-2.3102,tmin
2013-02-25,-1.1979,tmin
2013-03-04,-0.2804,tmin
2013-03-11,-3.4948,tmin
2013-03-18,-3.3691,tmin
2013-03-25,-3.6188,tmin
2013-04-01,-2.216,tmin
2013-04-08,3.201,tmin
2013-04-15,5.09,tmin
2013-04-22,4.6761,tmin
2013-04-29,5.3068,tmin
2013-05-06,8.8026,tmin
2013-05-13,7.9512,tmin
2013-05-20,6.1162,tmin
2013-05-27,7.9463,tmin
2013-06-03,8.9683,tmin
2013-06-10,10.4105,tmin
2013-06-17,13.5551,tmin
2013-06-24,9.9937,tmin
2013-07-01,11.7611,tmin
2013-07-08,11.7473,tmin
2013-07-15,13.2644,tmin
2013-07-22,16.6517,tmin
2013-07-29,16.0202,tmin
2013-08-05,13.7316,tmin
2013-08-12,12.7273,tmin
2013-08-19,13.5197,tmin
2013-08-26,12.6082,tmin
2013-09-02,14.3943,tmin
2013-09-09,10.5784,tmin
2013-09-16,9.4168,tmin
2013-09-23,9.6359,tmin
2013-09-30,7.7034,tmin
2013-10-07,7.5212,tmin
2013-10-14,8.4303,tmin
2013-10-21,11.0413,tmin
2013-10-28,8.0363,tmin
2013-11-04,5.4937,tmin
2013-11-11,4.9644,tmin
2013-11-18,1.8308,tmin
2013-11-25,3.6868,tmin
2013-12-02,2.1464,tmin
2013-12-09,2.376,tmin
2013-12-16,4.4755,tmin
2013-12-23,3.5622,tmin
2013-12-30,4.4653,tmin
2014-01-06,5.1633,tmin
2014-01-13,3.0112,tmin
2014-01-20,-1.4554,tmin
2014-01-27,-1.2275,tmin
2014-02-03,2.8226,tmin
2014-02-10,2.655,tmin
2014-02-17,3.6525,tmin
2014-02-24,2.6574,tmin
2014-03-03,1.394,tmin
2014-03-10,3.7294,tmin
2014-03-17,5.3877,tmin
2014-03-24,2.6161,tmin
2014-03-31,7.1055,tmin
2014-04-07,6.7751,tmin
2014-04-14,4.6038,tmin
2014-04-21,9.2212,tmin
2014-04-28,7.337,tmin
2014-05-05,8.9299,tmin
2014-05-12,6.1985,tmin
2014-05-19,12.1307,tmin
2014-05-26,9.6275,tmin
2014-06-02,10.7954,tmin
2014-06-09,12.8611,tmin
2014-06-16,11.7233,tmin
2014-06-23,11.1872,tmin
2014-06-30,12.5326,tmin
2014-07-07,14.6169,tmin
2014-07-14,15.5271,tmin
2014-07-21,17.0744,tmin
2014-07-28,15.969,tmin
2014-08-04,14.5637,tmin
2014-08-11,12.7885,tmin
2014-08-18,9.8322,tmin
2014-08-25,11.1061,tmin
2014-09-01,13.1405,tmin
2014-09-08,12.3918,tmin
2014-09-15,13.9629,tmin
2014-09-22,10.41,tmin
2014-09-29,12.173,tmin
2014-10-06,10.2592,tmin
2014-10-13,10.9647,tmin
2014-10-20,9.7407,tmin
2014-10-27,9.4306,tmin
2014-11-03,6.7749,tmin
2014-11-10,6.6038,tmin
2014-11-17,5.1307,tmin
2014-11-24,1.9731,tmin
2014-12-01,-1.2018,tmin
2014-12-08,1.9029,tmin
2014-12-15,4.3187,tmin
2014-12-22,2.6241,tmin
2014-12-29,2.3831,tmin
2015-01-05,3.0502,tmin
2015-01-12,2.9034,tmin
2015-01-19,-1.8428,tmin
2015-01-26,0.1023,tmin
2015-02-02,-1.933,tmin
2015-02-09,1.1635,tmin
2015-02-16,-0.0511,tmin
2015-02-23,1.8413,tmin
2015-03-02,2.6356,tmin
2015-03-09,1.2149,tmin
2015-03-16,2.1514,tmin
2015-03-23,2.3698,tmin
2015-03-30,1.7463,tmin
2015-04-06,3.4541,tmin
2015-04-13,4.3329,tmin
2015-04-20,4.5206,tmin
2015-04-27,2.8206,tmin
2015-05-04,8.4219,tmin
2015-05-11,7.317,tmin
2015-05-18,7.0097,tmin
2015-05-25,7.1421,tmin
2015-06-01,9.2979,tmin
2015-06-08,10.172,tmin
2015-06-15,8.7827,tmin
2015-06-22,10.7169,tmin
2015-06-29,15.8565,tmin
2015-07-06,12.5767,tmin
2015-07-13,13.4462,tmin
2015-07-20,13.1329,tmin
2015-07-27,10.9012,tmin
2015-08-03,12.9204,tmin
2015-08-10,15.7402,tmin
2015-08-17,13.6775,tmin
2015-08-24,13.6544,tmin
2015-08-31,11.9143,tmin
2015-09-07,10.7105,tmin
2015-09-14,10.932,tmin
2015-09-21,9.059,tmin
2015-09-28,7.2378,tmin
2015-10-05,9.3156,tmin
2015-10-12,4.8579,tmin
2015-10-19,7.0329,tmin
2015-10-26,6.0977,tmin
2015-11-02,8.0622,tmin
2015-11-09,9.9888,tmin
2015-11-16,6.5211,tmin
2015-11-23,3.2048,tmin
2015-11-30,7.0709,tmin
2015-12-07,5.5202,tmin
2015-12-14,7.6206,tmin
2015-12-21,8.1919,tmin
2015-12-28,3.6596,tmin
2016-01-04,-1.6485,tmin
2016-01-11,-0.1115,tmin
2016-01-18,-3.7227,tmin
2016-01-25,5.3858,tmin
2016-02-01,4.7357,tmin
2016-02-08,1.5955,tmin
2016-02-15,-0.2527,tmin
2016-02-22,-0.3016,tmin
2016-02-29,-1.2828,tmin
2016-03-07,-0.2713,tmin
2016-03-14,1.4298,tmin
2016-03-21,2.9169,tmin
2016-03-28,4.4762,tmin
2016-04-04,4.9934,tmin
2016-04-11,5.22,tmin
2016-04-18,2.8759,tmin
2016-04-25,1.9033,tmin
2016-05-02,6.5772,tmin
2016-05-09,10.9596,tmin
2016-05-16,9.0477,tmin
2016-05-23,10.2419,tmin
2016-05-30,14.7111,tmin
2016-06-06,10.4793,tmin
2016-06-13,11.6836,tmin
2016-06-20,13.9294,tmin
2016-06-27,12.4765,tmin
2016-07-04,12.3901,tmin
2016-07-11,13.1214,tmin
2016-07-18,15.9622,tmin
2016-07-25,14.4508,tmin
2016-08-01,13.6401,tmin
2016-08-08,11.8548,tmin
2016-08-15,12.3726,tmin
2016-08-22,16.6617,tmin
2016-08-29,13.2127,tmin
2016-09-05,14.2043,tmin
2016-09-12,15.9333,tmin
2016-09-19,10.9437,tmin
2016-09-26,11.58,tmin
2016-10-03,7.5407,tmin
2016-10-10,6.0452,tmin
2016-10-17,5.6116,tmin
2016-10-24,5.7979,tmin
2016-10-31,5.3906,tmin
2016-11-07,-1.1961,tmin
2016-11-14,3.7092,tmin
2016-11-21,3.2913,tmin
2016-11-28,-1.3444,tmin
2016-12-05,1.9462,tmin
2016-12-12,4.293,tmin
2016-12-19,3.3565,tmin
2016-12-26,1.6502,tmin
2017-01-02,-1.0228,tmin
2017-01-09,0.8462,tmin
2017-01-16,-4.8434,tmin
2017-01-23,-1.7055,tmin
2017-01-30,2.6065,tmin
2017-02-06,-2.3389,tmin
2017-02-13,0.8677,tmin
2017-02-20,3.7942,tmin
2017-02-27,3.5231,tmin
2017-03-06,2.2567,tmin
2017-03-13,3.5625,tmin
2017-03-20,2.6866,tmin
2017-03-27,6.6256,tmin
2017-04-03,5.2032,tmin
2017-04-10,5.3571,tmin
2017-04-17,2.4054,tmin
2017-04-24,2.6877,tmin
2017-05-01,7.191,tmin
2017-05-08,6.9756,tmin
2017-05-15,10.5484,tmin
2017-05-22,10.565,tmin
2017-05-29,11.0828,tmin
2017-06-05,11.8315,tmin
2017-06-12,12.0014,tmin
2017-06-19,14.3351,tmin
2017-06-26,12.488,tmin
2017-07-03,12.6457,tmin
2017-07-10,13.1599,tmin
2017-07-17,13.8237,tmin
2017-07-24,14.1595,tmin
2017-07-31,14.2024,tmin
2017-08-07,12.9477,tmin
2017-08-14,13.2984,tmin
2017-08-21,12.5442,tmin
2017-08-28,11.9509,tmin
2017-09-04,11.513,tmin
2017-09-11,10.0394,tmin
2017-09-18,9.1121,tmin
2017-09-25,10.5935,tmin
2017-10-02,10.4366,tmin
2017-10-09,11.0808,tmin
2017-10-16,10.4554,tmin
2017-10-23,9.5017,tmin
2017-10-30,6.9197,tmin
2017-11-06,3.7358,tmin
2017-11-13,5.0728,tmin
2017-11-20,5.0588,tmin
2017-11-27,0.5743,tmin
2017-12-04,3.1361,tmin
2017-12-11,-0.4105,tmin
2017-12-18,4.3865,tmin
2017-12-25,3.3966,tmin
2018-01-01,3.2905,tmin
2018-01-08,0.5394,tmin
2018-01-15,0.2296,tmin
2018-01-22,4.0625,tmin
2018-01-29,1.3767,tmin
2018-02-05,-3.6644,tmin
2018-02-12,-1.6868,tmin
2018-02-19,-3.3269,tmin
2018-02-26,-7.8534,tmin
2018-03-05,1.7273,tmin
2018-03-12,-0.1368,tmin
2018-03-19,0.2271,tmin
2018-03-26,1.1045,tmin
2018-04-02,3.9807,tmin
2018-04-09,7.1994,tmin
2018-04-16,8.1574,tmin
2018-04-23,7.5927,tmin
2018-04-30,5.4905,tmin
2018-05-07,11.3402,tmin
2018-05-14,10.269,tmin
2018-05-21,13.8462,tmin
2018-05-28,16.2489,tmin
2018-06-04,13.662,tmin
2018-06-11,11.9702,tmin
2018-06-18,12.495,tmin
2018-06-25,12.6219,tmin
2018-07-02,11.832,tmin
2018-07-09,12.7486,tmin
2018-07-16,15.2714,tmin
2018-07-23,18.2781,tmin
2018-07-30,16.7184,tmin
2018-08-06,14.4777,tmin
2018-08-13,15.0574,tmin
2018-08-20,13.4018,tmin
2018-08-27,11.9619,tmin
2018-09-03,13.7137,tmin
2018-09-10,11.7934,tmin
2018-09-17,12.729,tmin
2018-09-24,8.3519,tmin
2018-10-01,8.5701,tmin
2018-10-08,11.1284,tmin
2018-10-15,9.5164,tmin
2018-10-22,7.2892,tmin
2018-10-29,4.1972,tmin
2018-11-05,7.0271,tmin
2018-11-12,3.4864,tmin
2018-11-19,1.1871,tmin
2018-11-26,4.3893,tmin
2018-12-03,4.7572,tmin
2018-12-10,0.4949,tmin
2018-12-17,4.0978,tmin
2018-12-24,4.5793,tmin
2018-12-31,4.2653,tmin
2019-01-07,3.9076,tmin
2019-01-14,-0.0833,tmin
2019-01-21,-3.1398,tmin
2019-01-28,-0.976,tmin
2019-02-04,3.3793,tmin
2019-02-11,2.7946,tmin
2019-02-18,3.3836,tmin
2019-02-25,2.3638,tmin
2019-03-04,4.7469,tmin
2019-03-11,3.9921,tmin
2019-03-18,3.6014,tmin
2019-03-25,4.1292,tmin
2019-04-01,4.2613,tmin
2019-04-08,1.6897,tmin
2019-04-15,6.2714,tmin
2019-04-22,9.0073,tmin
2019-04-29,5.3481,tmin
2019-05-06,4.5866,tmin
2019-05-13,7.0277,tmin
2019-05-20,9.3195,tmin
2019-05-27,10.4352,tmin
2019-06-03,12.6023,tmin
2019-06-10,12.2954,tmin
2019-06-17,13.2101,tmin
2019-06-24,14.8077,tmin
2019-07-01,12.373,tmin
2019-07-08,11.9836,tmin
2019-07-15,14.1877,tmin
2019-07-22,18.531,tmin
2019-07-29,15.3394,tmin
2019-08-05,15.5548,tmin
2019-08-12,13.6227,tmin
2019-08-19,13.1817,tmin
2019-08-26,15.5189,tmin
2019-09-02,11.5763,tmin
2019-09-09,10.618,tmin
2019-09-16,9.6512,tmin
2019-09-23,12.717,tmin
2019-09-30,8.4854,tmin
2019-10-07,9.3754,tmin
2019-10-14,10.6597,tmin
2019-10-21,10.1727,tmin
2019-10-28,4.0076,tmin
2019-11-04,3.0205,tmin
2019-11-11,2.3578,tmin
2019-11-18,1.7779,tmin
2019-11-25,3.4293,tmin
2019-12-02,3.3874,tmin
2019-12-09,3.1453,tmin
2019-12-16,5.6738,tmin
2019-12-23,2.0929,tmin
2019-12-30,1.6024,tmin
2020-01-06,4.6632,tmin
2020-01-13,4.9115,tmin
2020-01-20,1.8504,tmin
2020-01-27,5.5965,tmin
2020-02-03,3.0647,tmin
2020-02-10,4.0384,tmin
2020-02-17,5.2245,tmin
2020-02-24,2.5715,tmin
2020-03-02,2.5831,tmin
2020-03-09,3.6584,tmin
2020-03-16,3.3902,tmin
2020-03-23,-0.1204,tmin
2020-03-30,0.6839,tmin
2020-04-06,4.9044,tmin
2020-04-13,3.9755,tmin
2020-04-20,6.0913,tmin
2020-04-27,7.0093,tmin
2020-05-04,5.3537,tmin
2020-05-11,4.2719,tmin
2020-05-18,10.5328,tmin
2020-05-25,8.6612,tmin
2020-06-01,10.4465,tmin
2020-06-08,12.8689,tmin
2020-06-15,13.291,tmin
2020-06-22,14.8786,tmin
2020-06-29,13.7027,tmin
2020-07-06,10.715,tmin
2020-07-13,12.105,tmin
2020-07-20,12.4392,tmin
2020-07-27,12.9363,tmin
2020-08-03,15.419,tmin
2020-08-10,20.0098,tmin
2020-08-17,16.5985,tmin
2020-08-24,12.6432,tmin
2020-08-31,11.0346,tmin
2020-09-07,11.8202,tmin
2020-09-14,10.7079,tmin
2020-09-21,9.8983,tmin
2020-09-28,10.3118,tmin
2020-10-05,8.696,tmin
2020-10-12,6.6009,tmin
2020-10-19,9.2842,tmin
2020-10-26,9.7431,tmin
2020-11-02,6.301,tmin
2020-11-09,6.9711,tmin
2020-11-16,6.5647,tmin
2020-11-23,3.6316,tmin
2020-11-30,1.7472,tmin
2020-12-07,1.4599,tmin
2020-12-14,5.6632,tmin
2020-12-21,3.2815,tmin
2020-12-28,0.9034,tmin
2021-01-04,0.0044,tmin
2021-01-11,0.0772,tmin
2021-01-18,2.0895,tmin
2021-01-25,-1.9787,tmin
2021-02-01,-1.632,tmin
2021-02-08,-8.994,tmin
2021-02-15,3.8175,tmin
2021-02-22,4.8806,tmin
2021-03-01,0.1247,tmin
2021-03-08,2.3976,tmin
2021-03-15,1.1018,tmin
2021-03-22,3.7575,tmin
2021-03-29,4.5332,tmin
2021-04-05,1.0337,tmin
2021-04-12,0.3736,tmin
2021-04-19,3.1823,tmin
2021-04-26,3.4202,tmin
2021-05-03,4.4904,tmin
2021-05-10,8.0127,tmin
2021-05-17,6.8508,tmin
2021-05-24,7.2865,tmin
2021-05-31,11.7303,tmin
2021-06-07,10.9912,tmin
2021-06-14,13.8202,tmin
2021-06-21,11.6544,tmin
2021-06-28,14.0359,tmin
2021-07-05,13.725,tmin
2021-07-12,15.7229,tmin
2021-07-19,13.7679,tmin
2021-07-26,14.4076,tmin
2021-08-02,12.7688,tmin
2021-08-09,13.8511,tmin
2021-08-16,13.9865,tmin
2021-08-23,13.6558,tmin
2021-08-30,12.3656,tmin
2021-09-06,13.8026,tmin
2021-09-13,12.6222,tmin
2021-09-20,12.2618,tmin
2021-09-27,11.0179,tmin
2021-10-04,7.4317,tmin
2021-10-11,8.9336,tmin
2021-10-18,8.6387,tmin
2021-10-25,8.6843,tmin
2021-11-01,6.3121,tmin
2021-11-08,7.0338,tmin
2021-11-15,6.7846,tmin
2021-11-22,2.4864,tmin
2021-11-29,1.6689,tmin
2021-12-06,0.0457,tmin
2021-12-13,6.8489,tmin
2021-12-20,-3.8798,tmin
2021-12-27,6.3091,tmin
2022-01-03,2.011,tmin
2022-01-10,2.065,tmin
2022-01-17,3.2755,tmin
2022-01-24,3.2415,tmin
2022-01-31,3.1077,tmin
2022-02-07,2.6336,tmin
2022-02-14,4.3723,tmin
2022-02-21,1.9493,tmin
2022-02-28,-0.7743,tmin
2022-03-07,0.998,tmin
2022-03-14,2.6062,tmin
2022-03-21,2.9861,tmin
2022-03-28,1.0552,tmin
2022-04-04,3.8608,tmin
2022-04-11,5.1284,tmin
2022-04-18,6.2018,tmin
2022-04-25,4.2284,tmin
2022-05-02,4.9705,tmin
2022-05-09,8.7771,tmin
2022-05-16,11.3961,tmin
2022-05-23,9.9464,tmin
2022-05-30,8.2858,tmin
2022-06-06,10.6312,tmin
2022-06-13,10.6483,tmin
2022-06-20,12.6277,tmin
2022-06-27,13.6407,tmin
2022-07-04,12.711,tmin
2022-07-11,11.8403,tmin
2022-07-18,15.1031,tmin
2022-07-25,13.6266,tmin
2022-08-01,13.4174,tmin
2022-08-08,15.1193,tmin
2022-08-15,15.8171,tmin
2022-08-22,15.7091,tmin
2022-08-29,14.2009,tmin
2022-09-05,14.5323,tmin
2022-09-12,11.2434,tmin
2022-09-19,8.8221,tmin
2022-09-26,7.5013,tmin
2022-10-03,9.6412,tmin
2022-10-10,8.0343,tmin
2022-10-17,9.8504,tmin
2022-10-24,11.8059,tmin
2022-10-31,9.1488,tmin
2022-11-07,7.9395,tmin
2022-11-14,2.4874,tmin
2022-11-21,3.6385,tmin
2022-11-28,2.5022,tmin
2022-12-05,0.1063,tmin
2022-12-12,-5.239,tmin
2022-12-19,4.3893,tmin
2022-12-26,6.3336,tmin
2023-01-02,6.4447,tmin
2023-01-09,5.5943,tmin
2023-01-16,-0.816,tmin
2023-01-23,-0.1384,tmin
2023-01-30,4.2592,tmin
2023-02-06,0.817,tmin
2023-02-13,3.3262,tmin
2023-02-20,3.1733,tmin
2023-02-27,-0.1548,tmin
2023-03-06,-1.4278,tmin
2023-03-13,4.7249,tmin
2023-03-20,7.3364,tmin
2023-03-27,4.2038,tmin
2023-04-03,0.8729,tmin
2023-04-10,4.4641,tmin
2023-04-17,6.0196,tmin
2023-04-24,3.5377,tmin
2023-05-01,6.0409,tmin
2023-05-08,9.768,tmin
2023-05-15,8.141,tmin
2023-05-22,7.9464,tmin
2023-05-29,8.7863,tmin
2023-06-05,10.937,tmin
2023-06-12,13.8769,tmin
2023-06-19,15.0438,tmin
2023-06-26,14.1454,tmin
2023-07-03,13.5963,tmin
2023-07-10,15.7004,tmin
2023-07-17,13.1245,tmin
2023-07-24,13.5142,tmin
2023-07-31,13.2006,tmin
2023-08-07,13.5858,tmin
2023-08-14,14.4554,tmin
2023-08-21,13.985,tmin
2023-08-28,10.9883,tmin
2023-09-04,14.7353,tmin
2023-09-11,13.8427,tmin
2023-09-18,13.1405,tmin
2023-09-25,13.0067,tmin
2023-10-02,12.9311,tmin
2023-10-09,11.2869,tmin
2023-10-16,6.7287,tmin
2023-10-23,8.2235,tmin
2023-10-30,7.9769,tmin
2023-11-06,6.5508,tmin
2023-11-13,4.4802,tmin
2023-11-20,3.1831,tmin
2023-11-27,-2.3711,tmin
2023-12-04,1.2706,tmin
2023-12-11,4.5831,tmin
2023-12-18,5.9194,tmin
2023-12-25,6.0488,tmin
1999-12-27,8.0037,tmax
2000-01-03,7.4325,tmax
2000-01-10,4.0665,tmax
2000-01-17,6.1713,tmax
2000-01-24,5.6882,tmax
2000-01-31,9.1064,tmax
2000-02-07,8.1567,tmax
2000-02-14,6.164,tmax
2000-02-21,7.9905,tmax
2000-02-28,7.9265,tmax
2000-03-06,10.3474,tmax
2000-03-13,8.6036,tmax
2000-03-20,10.7392,tmax
2000-03-27,8.9251,tmax
2000-04-03,10.6609,tmax
2000-04-10,10.1018,tmax
2000-04-17,16.0549,tmax
2000-04-24,18.4576,tmax
2000-05-01,18.956,tmax
2000-05-08,21.9764,tmax
2000-05-15,18.4039,tmax
2000-05-22,15.8332,tmax
2000-05-29,17.0735,tmax
2000-06-05,18.9777,tmax
2000-06-12,18.4472,tmax
2000-06-19,22.0954,tmax
2000-06-26,16.0851,tmax
2000-07-03,17.7926,tmax
2000-07-10,16.1738,tmax
2000-07-17,17.5681,tmax
2000-07-24,19.468,tmax
2000-07-31,20.5805,tmax
2000-08-07,20.3172,tmax
2000-08-14,21.379,tmax
2000-08-21,19.0485,tmax
2000-08-28,17.9206,tmax
2000-09-04,17.9426,tmax
2000-09-11,19.5127,tmax
2000-09-18,16.5681,tmax
2000-09-25,18.5775,tmax
2000-10-02,14.0728,tmax
2000-10-09,13.3856,tmax
2000-10-16,14.8992,tmax
2000-10-23,13.7197,tmax
2000-10-30,10.4928,tmax
2000-11-06,9.0344,tmax
2000-11-13,8.558,tmax
2000-11-20,8.3883,tmax
2000-11-27,11.4248,tmax
2000-12-04,11.1081,tmax
2000-12-11,9.4599,tmax
2000-12-18,1.329,tmax
2000-12-25,0.7544,tmax
2001-01-01,7.6879,tmax
2001-01-08,3.4137,tmax
2001-01-15,0.4997,tmax
2001-01-22,6.3701,tmax
2001-01-29,2.4325,tmax
2001-02-05,8.902,tmax
2001-02-12,7.3522,tmax
2001-02-19,5.2668,tmax
2001-02-26,3.898,tmax
2001-03-05,9.4041,tmax
2001-03-12,7.2917,tmax
2001-03-19,4.3194,tmax
2001-03-26,9.298,tmax
2001-04-02,13.0335,tmax
2001-04-09,8.3047,tmax
2001-04-16,8.3227,tmax
2001-04-23,12.9692,tmax
2001-04-30,13.8283,tmax
2001-05-07,18.5066,tmax
2001-05-14,16.3264,tmax
2001-05-21,17.5083,tmax
2001-05-28,15.9872,tmax
2001-06-04,15.4243,tmax
2001-06-11,17.1928,tmax
2001-06-18,17.1956,tmax
2001-06-25,21.5204,tmax
2001-07-02,24.4121,tmax
2001-07-09,19.1176,tmax
2001-07-16,19.3032,tmax
2001-07-23,23.3561,tmax
2001-07-30,21.1437,tmax
2001-08-06,18.312,tmax
2001-08-13,23.8702,tmax
2001-08-20,25.2938,tmax
2001-08-27,18.6797,tmax
2001-09-03,16.0007,tmax
2001-09-10,15.1524,tmax
2001-09-17,14.4862,tmax
2001-09-24,17.1859,tmax
2001-10-01,17.4106,tmax
2001-10-08,17.8198,tmax
2001-10-15,17.5131,tmax
2001-10-22,14.2669,tmax
2001-10-29,13.8133,tmax
2001-11-05,8.7158,tmax
2001-11-12,9.1092,tmax
2001-11-19,9.6063,tmax
2001-11-26,8.989,tmax
2001-12-03,6.6636,tmax
2001-12-10,3.7143,tmax
2001-12-17,3.9951,tmax
2001-12-24,4.6507,tmax
2001-12-31,1.822,tmax
2002-01-07,3.4265,tmax
2002-01-14,6.0104,tmax
2002-01-21,9.4741,tmax
2002-01-28,12.2346,tmax
2002-02-04,10.5054,tmax
2002-02-11,7.4128,tmax
2002-02-18,6.9193,tmax
2002-02-25,8.053,tmax
2002-03-04,10.115,tmax
2002-03-11,10.7002,tmax
2002-03-18,9.5859,tmax
2002-03-25,11.1603,tmax
2002-04-01,13.6145,tmax
2002-04-08,10.7337,tmax
2002-04-15,11.9018,tmax
2002-04-22,14.3869,tmax
2002-04-29,12.6534,tmax
2002-05-06,17.7574,tmax
2002-05-13,18.0981,tmax
2002-05-20,19.4326,tmax
2002-05-27,17.3653,tmax
2002-06-03,21.1868,tmax
2002-06-10,18.5415,tmax
2002-06-17,22.7432,tmax
2002-06-24,17.5229,tmax
2002-07-01,17.3795,tmax
2002-07-08,21.1872,tmax
2002-07-15,19.3623,tmax
2002-07-22,21.0281,tmax
2002-07-29,25.092,tmax
2002-08-05,22.272,tmax
2002-08-12,24.0253,tmax
2002-08-19,22.9376,tmax
2002-08-26,21.901,tmax
2002-09-02,21.1129,tmax
2002-09-09,20.4144,tmax
2002-09-16,16.6468,tmax
2002-09-23,15.3407,tmax
2002-09-30,16.558,tmax
2002-10-07,9.545,tmax
2002-10-14,10.2452,tmax
2002-10-21,12.7256,tmax
2002-10-28,10.4038,tmax
2002-11-04,8.1867,tmax
2002-11-11,10.2278,tmax
2002-11-18,7.4615,tmax
2002-11-25,8.0575,tmax
2002-12-02,4.6814,tmax
2002-12-09,-2.6235,tmax
2002-12-16,1.6954,tmax
2002-12-23,6.9168,tmax
2002-12-30,3.4237,tmax
2003-01-06,-2.2864,tmax
2003-01-13,6.6683,tmax
2003-01-20,7.3276,tmax
2003-01-27,3.8937,tmax
2003-02-03,4.6359,tmax
2003-02-10,2.1488,tmax
2003-02-17,3.8008,tmax
2003-02-24,9.6961,tmax
2003-03-03,9.9229,tmax
2003-03-10,9.5447,tmax
2003-03-17,8.5137,tmax
2003-03-24,14.6663,tmax
2003-03-31,8.9705,tmax
2003-04-07,8.1941,tmax
2003-04-14,16.8213,tmax
2003-04-21,17.6863,tmax
2003-04-28,17.4336,tmax
2003-05-05,17.0997,tmax
2003-05-12,14.4152,tmax
2003-05-19,15.7975,tmax
2003-05-26,21.1806,tmax
2003-06-02,24.5722,tmax
2003-06-09,20.6154,tmax
2003-06-16,19.9723,tmax
2003-06-23,21.5562,tmax
2003-06-30,18.7443,tmax
2003-07-07,20.7202,tmax
2003-07-14,26.1907,tmax
2003-07-21,23.1352,tmax
2003-07-28,23.3027,tmax
2003-08-04,28.4689,tmax
2003-08-11,24.4405,tmax
2003-08-18,21.9751,tmax
2003-08-25,18.1049,tmax
2003-09-01,19.0345,tmax
2003-09-08,17.4459,tmax
2003-09-15,22.3694,tmax
2003-09-22,16.9799,tmax
2003-09-29,14.8849,tmax
2003-10-06,13.2223,tmax
2003-10-13,10.2331,tmax
2003-10-20,7.1364,tmax
2003-10-27,8.3392,tmax
2003-11-03,10.3581,tmax
2003-11-10,8.1586,tmax
2003-11-17,11.592,tmax
2003-11-24,8.1066,tmax
2003-12-01,7.1298,tmax
2003-12-08,5.2605,tmax
2003-12-15,6.7137,tmax
2003-12-22,6.794,tmax
2003-12-29,2.4181,tmax
2004-01-05,6.9431,tmax
2004-01-12,5.919,tmax
2004-01-19,4.2977,tmax
2004-01-26,4.737,tmax
2004-02-02,11.1109,tmax
2004-02-09,7.5678,tmax
2004-02-16,5.1904,tmax
2004-02-23,3.4471,tmax
2004-03-01,5.4348,tmax
2004-03-08,7.5277,tmax
2004-03-15,13.107,tmax
2004-03-22,7.9187,tmax
2004-03-29,14.0969,tmax
2004-04-05,8.8465,tmax
2004-04-12,14.8324,tmax
2004-04-19,14.7997,tmax
2004-04-26,18.3504,tmax
2004-05-03,14.7106,tmax
2004-05-10,14.9999,tmax
2004-05-17,15.3234,tmax
2004-05-24,16.3838,tmax
2004-05-31,18.3216,tmax
2004-06-07,20.82,tmax
2004-06-14,17.1299,tmax
2004-06-21,17.9921,tmax
2004-06-28,18.08,tmax
2004-07-05,18.1572,tmax
2004-07-12,19.3241,tmax
2004-07-19,20.9618,tmax
2004-07-26,21.7406,tmax
2004-08-02,26.7605,tmax
2004-08-09,24.6461,tmax
2004-08-16,20.4408,tmax
2004-08-23,18.4635,tmax
2004-08-30,20.6452,tmax
2004-09-06,20.6974,tmax
2004-09-13,17.7059,tmax
2004-09-20,14.4101,tmax
2004-09-27,16.1463,tmax
2004-10-04,14.8529,tmax
2004-10-11,11.7834,tmax
2004-10-18,14.9559,tmax
2004-10-25,13.215,tmax
2004-11-01,11.3574,tmax
2004-11-08,8.0703,tmax
2004-11-15,8.5543,tmax
2004-11-22,7.5874,tmax
2004-11-29,6.7372,tmax
2004-12-06,5.6924,tmax
2004-12-13,5.459,tmax
2004-12-20,5.7753,tmax
2004-12-27,6.3096,tmax
2005-01-03,9.2875,tmax
2005-01-10,8.0304,tmax
2005-01-17,6.8899,tmax
2005-01-24,3.2121,tmax
2005-01-31,6.382,tmax
2005-02-07,6.6816,tmax
2005-02-14,3.4213,tmax
2005-02-21,2.6435,tmax
2005-02-28,0.2612,tmax
2005-03-07,5.3193,tmax
2005-03-14,10.5086,tmax
2005-03-21,14.1941,tmax
2005-03-28,14.0649,tmax
2005-04-04,11.3741,tmax
2005-04-11,15.6522,tmax
2005-04-18,13.4393,tmax
2005-04-25,16.9473,tmax
2005-05-02,14.3024,tmax
2005-05-09,12.72,tmax
2005-05-16,15.4264,tmax
2005-05-23,21.2441,tmax
2005-05-30,16.5035,tmax
2005-06-06,13.7527,tmax
2005-06-13,20.2472,tmax
2005-06-20,23.9387,tmax
2005-06-27,20.4589,tmax
2005-07-04,21.1125,tmax
2005-07-11,22.3596,tmax
2005-07-18,18.6586,tmax
2005-07-25,20.5169,tmax
2005-08-01,17.3662,tmax
2005-08-08,17.1843,tmax
2005-08-15,21.5047,tmax
2005-08-22,18.6608,tmax
2005-08-29,23.0756,tmax
2005-09-05,23.8833,tmax
2005-09-12,16.9879,tmax
2005-09-19,19.1781,tmax
2005-09-26,15.7524,tmax
2005-10-03,17.3172,tmax
2005-10-10,17.6975,tmax
2005-10-17,13.3655,tmax
2005-10-24,17.7781,tmax
2005-10-31,15.4838,tmax
2005-11-07,12.6173,tmax
2005-11-14,8.0236,tmax
2005-11-21,4.5718,tmax
2005-11-28,4.9782,tmax
2005-12-05,5.864,tmax
2005-12-12,7.2534,tmax
2005-12-19,7.6686,tmax
2005-12-26,2.1815,tmax
2006-01-02,2.5393,tmax
2006-01-09,3.2387,tmax
2006-01-16,5.3009,tmax
2006-01-23,1.2049,tmax
2006-01-30,3.3073,tmax
2006-02-06,5.1469,tmax
2006-02-13,6.6087,tmax
2006-02-20,2.9992,tmax
2006-02-27,3.7462,tmax
2006-03-06,3.2842,tmax
2006-03-13,2.9321,tmax
2006-03-20,7.8991,tmax
2006-03-27,12.2629,tmax
2006-04-03,8.4845,tmax
2006-04-10,10.7334,tmax
2006-04-17,13.0825,tmax
2006-04-24,13.3257,tmax
2006-05-01,20.1062,tmax
2006-05-08,19.8559,tmax
2006-05-15,16.6117,tmax
2006-05-22,14.5995,tmax
2006-05-29,13.2582,tmax
2006-06-05,19.4476,tmax
2006-06-12,21.9277,tmax
2006-06-19,20.8462,tmax
2006-06-26,21.6093,tmax
2006-07-03,26.1648,tmax
2006-07-10,22.6708,tmax
2006-07-17,27.9517,tmax
2006-07-24,26.5511,tmax
2006-07-31,21.1543,tmax
2006-08-07,18.8822,tmax
2006-08-14,20.4543,tmax
2006-08-21,19.4257,tmax
2006-08-28,18.37,tmax
2006-09-04,19.58,tmax
2006-09-11,24.8418,tmax
2006-09-18,22.1678,tmax
2006-09-25,20.1324,tmax
2006-10-02,16.4396,tmax
2006-10-09,16.9876,tmax
2006-10-16,15.7959,tmax
2006-10-23,16.2683,tmax
2006-10-30,10.9501,tmax
2006-11-06,11.0441,tmax
2006-11-13,12.428,tmax
2006-11-20,11.4339,tmax
2006-11-27,10.9977,tmax
2006-12-04,10.3525,tmax
2006-12-11,9.4592,tmax
2006-12-18,7.1881,tmax
2006-12-25,7.6335,tmax
2007-01-01,9.1514,tmax
2007-01-08,11.8964,tmax
2007-01-15,10.064,tmax
2007-01-22,4.0904,tmax
2007-01-29,8.9159,tmax
2007-02-05,4.0851,tmax
2007-02-12,8.4947,tmax
2007-02-19,9.3287,tmax
2007-02-26,9.2005,tmax
2007-03-05,10.8789,tmax
2007-03-12,11.9754,tmax
2007-03-19,9.7784,tmax
2007-03-26,15.1436,tmax
2007-04-02,12.1079,tmax
2007-04-09,17.8137,tmax
2007-04-16,14.568,tmax
2007-04-23,21.4406,tmax
2007-04-30,17.7849,tmax
2007-05-07,15.3769,tmax
2007-05-14,16.1366,tmax
2007-05-21,19.2426,tmax
2007-05-28,17.8165,tmax
2007-06-04,23.659,tmax
2007-06-11,21.2031,tmax
2007-06-18,20.5075,tmax
2007-06-25,17.5222,tmax
2007-07-02,18.0486,tmax
2007-07-09,20.5083,tmax
2007-07-16,21.6052,tmax
2007-07-23,19.1599,tmax
2007-07-30,20.142,tmax
2007-08-06,20.6053,tmax
2007-08-13,19.9434,tmax
2007-08-20,20.969,tmax
2007-08-27,17.3088,tmax
2007-09-03,16.4832,tmax
2007-09-10,16.808,tmax
2007-09-17,16.9478,tmax
2007-09-24,15.2595,tmax
2007-10-01,15.3911,tmax
2007-10-08,13.8998,tmax
2007-10-15,12.8694,tmax
2007-10-22,9.7631,tmax
2007-10-29,12.2585,tmax
2007-11-05,9.7892,tmax
2007-11-12,6.6859,tmax
2007-11-19,8.2015,tmax
2007-11-26,7.996,tmax
2007-12-03,9.7748,tmax
2007-12-10,4.5251,tmax
2007-12-17,1.2605,tmax
2007-12-24,6.4996,tmax
2007-12-31,3.5861,tmax
2008-01-07,8.4561,tmax
2008-01-14,9.8347,tmax
2008-01-21,9.4066,tmax
2008-01-28,6.5571,tmax
2008-02-04,9.3806,tmax
2008-02-11,5.4911,tmax
2008-02-18,8.9042,tmax
2008-02-25,9.9658,tmax
2008-03-03,8.1654,tmax
2008-03-10,9.3277,tmax
2008-03-17,6.162,tmax
2008-03-24,7.9936,tmax
2008-03-31,10.1525,tmax
2008-04-07,9.9183,tmax
2008-04-14,10.0034,tmax
2008-04-21,15.9771,tmax
2008-04-28,15.9869,tmax
2008-05-05,21.3099,tmax
2008-05-12,17.9204,tmax
2008-05-19,16.5966,tmax
2008-05-26,20.8065,tmax
2008-06-02,23.2979,tmax
2008-06-09,17.1846,tmax
2008-06-16,19.3679,tmax
2008-06-23,19.8967,tmax
2008-06-30,23.1673,tmax
2008-07-07,18.7674,tmax
2008-07-14,18.6706,tmax
2008-07-21,22.497,tmax
2008-07-28,25.1658,tmax
2008-08-04,21.3189,tmax
2008-08-11,19.9283,tmax
2008-08-18,18.8904,tmax
2008-08-25,20.8032,tmax
2008-09-01,18.4034,tmax
2008-09-08,19.271,tmax
2008-09-15,15.479,tmax
2008-09-22,15.4381,tmax
2008-09-29,12.338,tmax
2008-10-06,15.453,tmax
2008-10-13,14.2311,tmax
2008-10-20,12.6665,tmax
2008-10-27,8.1412,tmax
2008-11-03,11.0581,tmax
2008-11-10,11.4855,tmax
2008-11-17,7.471,tmax
2008-11-24,5.5816,tmax
2008-12-01,5.6396,tmax
2008-12-08,3.7876,tmax
2008-12-15,7.0696,tmax
2008-12-22,5.1936,tmax
2008-12-29,1.3772,tmax
2009-01-05,0.7846,tmax
2009-01-12,5.1128,tmax
2009-01-19,5.514,tmax
2009-01-26,1.7765,tmax
2009-02-02,5.0587,tmax
2009-02-09,3.6559,tmax
2009-02-16,5.2871,tmax
2009-02-23,7.5575,tmax
2009-03-02,8.0758,tmax
2009-03-09,8.6927,tmax
2009-03-16,8.9925,tmax
2009-03-23,7.796,tmax
2009-03-30,13.3591,tmax
2009-04-06,18.0563,tmax
2009-04-13,17.648,tmax
2009-04-20,16.6323,tmax
2009-04-27,15.4028,tmax
2009-05-04,14.6824,tmax
2009-05-11,16.1097,tmax
2009-05-18,17.9988,tmax
2009-05-25,19.0843,tmax
2009-06-01,15.7527,tmax
2009-06-08,17.0498,tmax
2009-06-15,17.0368,tmax
2009-06-22,21.2415,tmax
2009-06-29,24.6519,tmax
2009-07-06,18.4802,tmax
2009-07-13,21.119,tmax
2009-07-20,20.3648,tmax
2009-07-27,21.4544,tmax
2009-08-03,22.9669,tmax
2009-08-10,21.3317,tmax
2009-08-17,23.7526,tmax
2009-08-24,20.6606,tmax
2009-08-31,19.0573,tmax
2009-09-07,19.5771,tmax
2009-09-14,18.8922,tmax
2009-09-21,17.7431,tmax
2009-09-28,14.8772,tmax
2009-10-05,14.1175,tmax
2009-10-12,10.7879,tmax
2009-10-19,11.2948,tmax
2009-10-26,12.8391,tmax
2009-11-02,9.6924,tmax
2009-11-09,10.4976,tmax
2009-11-16,12.8369,tmax
2009-11-23,10.2607,tmax
2009-11-30,7.9959,tmax
2009-12-07,7.0961,tmax
2009-12-14,-1.5016,tmax
2009-12-21,2.2911,tmax
2009-12-28,0.1277,tmax
2010-01-04,-0.9262,tmax
2010-01-11,0.1461,tmax
2010-01-18,1.1668,tmax
2010-01-25,0.8406,tmax
2010-02-01,2.9527,tmax
2010-02-08,-1.7143,tmax
2010-02-15,2.4787,tmax
2010-02-22,7.2223,tmax
2010-03-01,4.12,tmax
2010-03-08,5.2505,tmax
2010-03-15,10.9143,tmax
2010-03-22,13.1432,tmax
2010-03-29,11.3099,tmax
2010-04-05,12.0553,tmax
2010-04-12,12.1615,tmax
2010-04-19,12.3789,tmax
2010-04-26,15.7187,tmax
2010-05-03,10.3568,tmax
2010-05-10,10.7447,tmax
2010-05-17,15.5642,tmax
2010-05-24,15.4112,tmax
2010-05-31,19.0305,tmax
2010-06-07,19.0089,tmax
2010-06-14,16.09,tmax
2010-06-21,20.5484,tmax
2010-06-28,26.267,tmax
2010-07-05,26.1139,tmax
2010-07-12,24.5028,tmax
2010-07-19,23.396,tmax
2010-07-26,20.2998,tmax
2010-08-02,20.2974,tmax
2010-08-09,21.0738,tmax
2010-08-16,21.4882,tmax
2010-08-23,17.2297,tmax
2010-08-30,16.8621,tmax
2010-09-06,18.1398,tmax
2010-09-13,15.178,tmax
2010-09-20,16.8235,tmax
2010-09-27,15.3452,tmax
2010-10-04,17.8195,tmax
2010-10-11,11.5095,tmax
2010-10-18,10.2111,tmax
2010-10-25,11.4121,tmax
2010-11-01,11.9636,tmax
2010-11-08,8.8135,tmax
2010-11-15,7.1368,tmax
2010-11-22,2.7473,tmax
2010-11-29,-1.1318,tmax
2010-12-06,3.0695,tmax
2010-12-13,-0.8519,tmax
2010-12-20,-1.9562,tmax
2010-12-27,1.2496,tmax
2011-01-03,4.4923,tmax
2011-01-10,7.5403,tmax
2011-01-17,5.6287,tmax
2011-01-24,2.3619,tmax
2011-01-31,6.2008,tmax
2011-02-07,7.2786,tmax
2011-02-14,5.0922,tmax
2011-02-21,3.8204,tmax
2011-02-28,4.7811,tmax
2011-03-07,9.2622,tmax
2011-03-14,9.9737,tmax
2011-03-21,10.611,tmax
2011-03-28,13.412,tmax
2011-04-04,13.2633,tmax
2011-04-11,13.4707,tmax
2011-04-18,21.2728,tmax
2011-04-25,18.2362,tmax
2011-05-02,17.4965,tmax
2011-05-09,18.0912,tmax
2011-05-16,17.3963,tmax
2011-05-23,17.764,tmax
2011-05-30,20.7837,tmax
2011-06-06,18.1365,tmax
2011-06-13,18.4537,tmax
2011-06-20,18.026,tmax
2011-06-27,20.8086,tmax
2011-07-04,20.2103,tmax
2011-07-11,19.7479,tmax
2011-07-18,17.6754,tmax
2011-07-25,18.734,tmax
2011-08-01,22.9464,tmax
2011-08-08,18.1293,tmax
2011-08-15,20.3218,tmax
2011-08-22,21.4813,tmax
2011-08-29,18.583,tmax
2011-09-05,18.7236,tmax
2011-09-12,16.7399,tmax
2011-09-19,17.5225,tmax
2011-09-26,21.5367,tmax
2011-10-03,16.3423,tmax
2011-10-10,13.3004,tmax
2011-10-17,11.5004,tmax
2011-10-24,13.5845,tmax
2011-10-31,14.7404,tmax
2011-11-07,8.6138,tmax
2011-11-14,4.7238,tmax
2011-11-21,8.1212,tmax
2011-11-28,9.2111,tmax
2011-12-05,6.2088,tmax
2011-12-12,6.3423,tmax
2011-12-19,7.8858,tmax
2011-12-26,9.0003,tmax
2012-01-02,8.5227,tmax
2012-01-09,7.7425,tmax
2012-01-16,5.4122,tmax
2012-01-23,4.3004,tmax
2012-01-30,-3.1945,tmax
2012-02-06,-1.2885,tmax
2012-02-13,6.02,tmax
2012-02-20,8.2048,tmax
2012-02-27,9.5003,tmax
2012-03-05,9.0049,tmax
2012-03-12,10.3499,tmax
2012-03-19,12.4996,tmax
2012-03-26,10.869,tmax
2012-04-02,8.4655,tmax
2012-04-09,10.4289,tmax
2012-04-16,11.5419,tmax
2012-04-23,14.6652,tmax
2012-04-30,15.2271,tmax
2012-05-07,15.5552,tmax
2012-05-14,15.7612,tmax
2012-05-21,23.7262,tmax
2012-05-28,15.118,tmax
2012-06-04,15.9998,tmax
2012-06-11,17.1428,tmax
2012-06-18,18.4263,tmax
2012-06-25,20.0611,tmax
2012-07-02,22.8852,tmax
2012-07-09,17.9153,tmax
2012-07-16,17.7033,tmax
2012-07-23,23.0328,tmax
2012-07-30,20.9897,tmax
2012-08-06,19.5109,tmax
2012-08-13,25.8656,tmax
2012-08-20,21.2804,tmax
2012-08-27,19.5494,tmax
2012-09-03,20.3969,tmax
2012-09-10,17.7006,tmax
2012-09-17,14.9567,tmax
2012-09-24,15.5472,tmax
2012-10-01,14.6712,tmax
2012-10-08,12.1691,tmax
2012-10-15,15.2838,tmax
2012-10-22,11.3236,tmax
2012-10-29,9.1697,tmax
2012-11-05,10.6284,tmax
2012-11-12,8.0128,tmax
2012-11-19,9.4842,tmax
2012-11-26,6.1229,tmax
2012-12-03,3.4838,tmax
2012-12-10,4.5504,tmax
2012-12-17,5.8386,tmax
2012-12-24,9.5356,tmax
2012-12-31,9.4141,tmax
2013-01-07,5.0869,tmax
2013-01-14,-1.7307,tmax
2013-01-21,-1.2912,tmax
2013-01-28,7.4339,tmax
2013-02-04,4.1727,tmax
2013-02-11,2.9492,tmax
2013-02-18,2.2927,tmax
2013-02-25,4.7452,tmax
2013-03-04,7.4896,tmax
2013-03-11,3.243,tmax
2013-03-18,3.3107,tmax
2013-03-25,3.4156,tmax
2013-04-01,6.1221,tmax
2013-04-08,11.1452,tmax
2013-04-15,14.2766,tmax
2013-04-22,13.4082,tmax
2013-04-29,14.4676,tmax
2013-05-06,17.2651,tmax
2013-05-13,14.3783,tmax
2013-05-20,12.3567,tmax
2013-05-27,15.862,tmax
2013-06-03,17.7028,tmax
2013-06-10,18.4629,tmax
2013-06-17,21.7833,tmax
2013-06-24,15.6804,tmax
2013-07-01,20.5567,tmax
2013-07-08,18.6874,tmax
2013-07-15,23.256,tmax
2013-07-22,26.4171,tmax
2013-07-29,24.8768,tmax
2013-08-05,21.2815,tmax
2013-08-12,20.4848,tmax
2013-08-19,21.5722,tmax
2013-08-26,20.3833,tmax
2013-09-02,22.0579,tmax
2013-09-09,16.497,tmax
2013-09-16,15.4256,tmax
2013-09-23,15.7608,tmax
2013-09-30,15.5235,tmax
2013-10-07,14.2369,tmax
2013-10-14,13.9174,tmax
2013-10-21,16.8972,tmax
2013-10-28,12.5853,tmax
2013-11-04,10.083,tmax
2013-11-11,9.0714,tmax
2013-11-18,6.5192,tmax
2013-11-25,8.1864,tmax
2013-12-02,6.4206,tmax
2013-12-09,7.0449,tmax
2013-12-16,8.8425,tmax
2013-12-23,8.5571,tmax
2013-12-30,8.5349,tmax
2014-01-06,9.3456,tmax
2014-01-13,7.4574,tmax
2014-01-20,2.0386,tmax
2014-01-27,3.9466,tmax
2014-02-03,8.3355,tmax
2014-02-10,8.0962,tmax
2014-02-17,9.5107,tmax
2014-02-24,10.0206,tmax
2014-03-03,11.8185,tmax
2014-03-10,11.8535,tmax
2014-03-17,11.8996,tmax
2014-03-24,12.3004,tmax
2014-03-31,16.5283,tmax
2014-04-07,13.4376,tmax
2014-04-14,13.1572,tmax
2014-04-21,17.5448,tmax
2014-04-28,14.6972,tmax
2014-05-05,14.6,tmax
2014-05-12,14.615,tmax
2014-05-19,21.1676,tmax
2014-05-26,16.5433,tmax
2014-06-02,20.3383,tmax
2014-06-09,21.0014,tmax
2014-06-16,16.9821,tmax
2014-06-23,18.4833,tmax
2014-06-30,21.529,tmax
2014-07-07,22.4665,tmax
2014-07-14,25.2707,tmax
2014-07-21,23.6926,tmax
2014-07-28,24.2485,tmax
2014-08-04,22.8455,tmax
2014-08-11,18.4416,tmax
2014-08-18,16.3994,tmax
2014-08-25,18.6999,tmax
2014-09-01,20.9154,tmax
2014-09-08,18.3423,tmax
2014-09-15,21.2949,tmax
2014-09-22,17.0603,tmax
2014-09-29,18.7427,tmax
2014-10-06,16.497,tmax
2014-10-13,17.1551,tmax
2014-10-20,13.9273,tmax
2014-10-27,14.7875,tmax
2014-11-03,11.4169,tmax
2014-11-10,11.1487,tmax
2014-11-17,9.2859,tmax
2014-11-24,6.046,tmax
2014-12-01,3.3198,tmax
2014-12-08,6.159,tmax
2014-12-15,8.9546,tmax
2014-12-22,6.7943,tmax
2014-12-29,6.6084,tmax
2015-01-05,7.8881,tmax
2015-01-12,7.0837,tmax
2015-01-19,2.7323,tmax
2015-01-26,5.0288,tmax
2015-02-02,4.0705,tmax
2015-02-09,6.6612,tmax
2015-02-16,6.3166,tmax
2015-02-23,7.8101,tmax
2015-03-02,9.0629,tmax
2015-03-09,8.8526,tmax
2015-03-16,10.6863,tmax
2015-03-23,8.8144,tmax
2015-03-30,8.2494,tmax
2015-04-06,13.3243,tmax
2015-04-13,12.7689,tmax
2015-04-20,13.4135,tmax
2015-04-27,12.2212,tmax
2015-05-04,16.5196,tmax
2015-05-11,14.9094,tmax
2015-05-18,14.8931,tmax
2015-05-25,14.6019,tmax
2015-06-01,18.5376,tmax
2015-06-08,18.2306,tmax
2015-06-15,16.1753,tmax
2015-06-22,19.0299,tmax
2015-06-29,26.7622,tmax
2015-07-06,20.8594,tmax
2015-07-13,20.3685,tmax
2015-07-20,20.9047,tmax
2015-07-27,18.0852,tmax
2015-08-03,23.7211,tmax
2015-08-10,22.5925,tmax
2015-08-17,21.8336,tmax
2015-08-24,21.0286,tmax
2015-08-31,17.8995,tmax
2015-09-07,17.947,tmax
2015-09-14,17.2604,tmax
2015-09-21,15.9844,tmax
2015-09-28,15.9593,tmax
2015-10-05,15.0899,tmax
2015-10-12,8.8896,tmax
2015-10-19,12.5914,tmax
2015-10-26,12.2125,tmax
2015-11-02,14.0835,tmax
2015-11-09,13.8765,tmax
2015-11-16,10.2759,tmax
2015-11-23,7.3531,tmax
2015-11-30,10.7803,tmax
2015-12-07,10.0971,tmax
2015-12-14,11.5745,tmax
2015-12-21,13.0291,tmax
2015-12-28,7.6128,tmax
2016-01-04,3.1908,tmax
2016-01-11,4.0498,tmax
2016-01-18,2.954,tmax
2016-01-25,9.9667,tmax
2016-02-01,8.985,tmax
2016-02-08,6.391,tmax
2016-02-15,5.8438,tmax
2016-02-22,6.4338,tmax
2016-02-29,5.7385,tmax
2016-03-07,7.0697,tmax
2016-03-14,7.9457,tmax
2016-03-21,9.9272,tmax
2016-03-28,12.0575,tmax
2016-04-04,12.7744,tmax
2016-04-11,13.2741,tmax
2016-04-18,10.0461,tmax
2016-04-25,9.488,tmax
2016-05-02,18.3991,tmax
2016-05-09,18.8493,tmax
2016-05-16,17.2554,tmax
2016-05-23,17.1902,tmax
2016-05-30,23.0007,tmax
2016-06-06,18.5353,tmax
2016-06-13,18.4896,tmax
2016-06-20,20.5906,tmax
2016-06-27,18.4659,tmax
2016-07-04,20.4238,tmax
2016-07-11,19.1912,tmax
2016-07-18,25.3832,tmax
2016-07-25,21.5304,tmax
2016-08-01,20.3371,tmax
2016-08-08,18.2819,tmax
2016-08-15,20.5633,tmax
2016-08-22,25.2953,tmax
2016-08-29,21.0065,tmax
2016-09-05,23.2551,tmax
2016-09-12,24.4575,tmax
2016-09-19,19.9955,tmax
2016-09-26,18.2451,tmax
2016-10-03,13.4679,tmax
2016-10-10,12.1705,tmax
2016-10-17,11.8511,tmax
2016-10-24,12.4944,tmax
2016-10-31,10.7419,tmax
2016-11-07,4.1206,tmax
2016-11-14,9.5366,tmax
2016-11-21,9.7415,tmax
2016-11-28,5.0729,tmax
2016-12-05,6.6732,tmax
2016-12-12,7.7143,tmax
2016-12-19,7.235,tmax
2016-12-26,6.1834,tmax
2017-01-02,4.0037,tmax
2017-01-09,5.6837,tmax
2017-01-16,0.8397,tmax
2017-01-23,3.8523,tmax
2017-01-30,6.8235,tmax
2017-02-06,1.6857,tmax
2017-02-13,7.573,tmax
2017-02-20,8.9538,tmax
2017-02-27,9.6273,tmax
2017-03-06,9.2866,tmax
2017-03-13,11.5395,tmax
2017-03-20,11.043,tmax
2017-03-27,16.3575,tmax
2017-04-03,12.9698,tmax
2017-04-10,11.2787,tmax
2017-04-17,9.635,tmax
2017-04-24,10.9723,tmax
2017-05-01,13.6275,tmax
2017-05-08,16.1476,tmax
2017-05-15,19.8781,tmax
2017-05-22,21.6945,tmax
2017-05-29,21.4569,tmax
2017-06-05,19.8794,tmax
2017-06-12,20.7068,tmax
2017-06-19,22.4267,tmax
2017-06-26,19.3525,tmax
2017-07-03,21.1945,tmax
2017-07-10,19.6442,tmax
2017-07-17,22.9962,tmax
2017-07-24,20.0035,tmax
2017-07-31,20.901,tmax
2017-08-07,20.1723,tmax
2017-08-14,20.8804,tmax
2017-08-21,20.9218,tmax
2017-08-28,20.2539,tmax
2017-09-04,18.1198,tmax
2017-09-11,15.1279,tmax
2017-09-18,16.8013,tmax
2017-09-25,17.8234,tmax
2017-10-02,14.7821,tmax
2017-10-09,16.8166,tmax
2017-10-16,16.8692,tmax
2017-10-23,14.5453,tmax
2017-10-30,12.0502,tmax
2017-11-06,8.6827,tmax
2017-11-13,9.6163,tmax
2017-11-20,9.5335,tmax
2017-11-27,5.3901,tmax
2017-12-04,6.6626,tmax
2017-12-11,4.0258,tmax
2017-12-18,7.1148,tmax
2017-12-25,7.8555,tmax
2018-01-01,7.0958,tmax
2018-01-08,4.3225,tmax
2018-01-15,5.4333,tmax
2018-01-22,9.3625,tmax
2018-01-29,6.1837,tmax
2018-02-05,2.7899,tmax
2018-02-12,5.4513,tmax
2018-02-19,3.2389,tmax
2018-02-26,-0.4119,tmax
2018-03-05,10.534,tmax
2018-03-12,5.9556,tmax
2018-03-19,7.25,tmax
2018-03-26,8.924,tmax
2018-04-02,14.485,tmax
2018-04-09,16.2375,tmax
2018-04-16,20.7,tmax
2018-04-23,14.127,tmax
2018-04-30,15.9216,tmax
2018-05-07,21.736,tmax
2018-05-14,18.5332,tmax
2018-05-21,23.951,tmax
2018-05-28,25.1245,tmax
2018-06-04,22.5538,tmax
2018-06-11,19.1212,tmax
2018-06-18,18.2993,tmax
2018-06-25,21.3135,tmax
2018-07-02,20.8686,tmax
2018-07-09,21.4527,tmax
2018-07-16,24.9751,tmax
2018-07-23,29.1321,tmax
2018-07-30,27.1847,tmax
2018-08-06,25.0043,tmax
2018-08-13,22.5552,tmax
2018-08-20,21.281,tmax
2018-08-27,19.8812,tmax
2018-09-03,20.9291,tmax
2018-09-10,18.8377,tmax
2018-09-17,20.1997,tmax
2018-09-24,15.8706,tmax
2018-10-01,15.9736,tmax
2018-10-08,20.8445,tmax
2018-10-15,17.3201,tmax
2018-10-22,12.2176,tmax
2018-10-29,10.2957,tmax
2018-11-05,13.4093,tmax
2018-11-12,9.4327,tmax
2018-11-19,4.6096,tmax
2018-11-26,8.2663,tmax
2018-12-03,9.7557,tmax
2018-12-10,4.1068,tmax
2018-12-17,7.9474,tmax
2018-12-24,7.6711,tmax
2018-12-31,8.0611,tmax
2019-01-07,7.5672,tmax
2019-01-14,5.024,tmax
2019-01-21,2.6204,tmax
2019-01-28,3.3745,tmax
2019-02-04,7.6406,tmax
2019-02-11,10.1185,tmax
2019-02-18,10.2885,tmax
2019-02-25,11.5412,tmax
2019-03-04,9.8503,tmax
2019-03-11,9.1086,tmax
2019-03-18,11.5448,tmax
2019-03-25,11.536,tmax
2019-04-01,12.9284,tmax
2019-04-08,9.7152,tmax
2019-04-15,17.8202,tmax
2019-04-22,17.9373,tmax
2019-04-29,11.7017,tmax
2019-05-06,12.6029,tmax
2019-05-13,16.0157,tmax
2019-05-20,17.861,tmax
2019-05-27,19.8494,tmax
2019-06-03,21.4331,tmax
2019-06-10,20.482,tmax
2019-06-17,23.2284,tmax
2019-06-24,25.4615,tmax
2019-07-01,18.8953,tmax
2019-07-08,18.165,tmax
2019-07-15,20.9368,tmax
2019-07-22,29.506,tmax
2019-07-29,23.3407,tmax
2019-08-05,22.4262,tmax
2019-08-12,20.1368,tmax
2019-08-19,23.312,tmax
2019-08-26,25.9079,tmax
2019-09-02,17.9946,tmax
2019-09-09,18.5033,tmax
2019-09-16,17.4766,tmax
2019-09-23,17.7865,tmax
2019-09-30,13.7054,tmax
2019-10-07,15.2796,tmax
2019-10-14,15.3279,tmax
2019-10-21,15.5643,tmax
2019-10-28,10.7542,tmax
2019-11-04,9.4664,tmax
2019-11-11,7.0106,tmax
2019-11-18,7.0185,tmax
2019-11-25,8.253,tmax
2019-12-02,7.7965,tmax
2019-12-09,7.0278,tmax
2019-12-16,10.1764,tmax
2019-12-23,5.8446,tmax
2019-12-30,6.8876,tmax
2020-01-06,9.3313,tmax
2020-01-13,9.6378,tmax
2020-01-20,6.0073,tmax
2020-01-27,8.973,tmax
2020-02-03,8.8108,tmax
2020-02-10,9.0137,tmax
2020-02-17,9.2255,tmax
2020-02-24,8.7656,tmax
2020-03-02,8.5605,tmax
2020-03-09,10.905,tmax
2020-03-16,9.8811,tmax
2020-03-23,9.287,tmax
2020-03-30,10.3021,tmax
2020-04-06,16.9228,tmax
2020-04-13,12.9626,tmax
2020-04-20,16.0458,tmax
2020-04-27,14.1578,tmax
2020-05-04,16.1878,tmax
2020-05-11,12.5491,tmax
2020-05-18,19.2398,tmax
2020-05-25,18.0141,tmax
2020-06-01,18.7643,tmax
2020-06-08,19.8682,tmax
2020-06-15,20.8902,tmax
2020-06-22,24.4401,tmax
2020-06-29,19.5534,tmax
2020-07-06,16.8643,tmax
2020-07-13,20.3749,tmax
2020-07-20,19.8168,tmax
2020-07-27,21.7564,tmax
2020-08-03,25.6334,tmax
2020-08-10,28.3722,tmax
2020-08-17,23.3924,tmax
2020-08-24,19.021,tmax
2020-08-31,18.2264,tmax
2020-09-07,18.8732,tmax
2020-09-14,21.1863,tmax
2020-09-21,18.0505,tmax
2020-09-28,16.6542,tmax
2020-10-05,13.8183,tmax
2020-10-12,11.9468,tmax
2020-10-19,15.3757,tmax
2020-10-26,13.6987,tmax
2020-11-02,12.6527,tmax
2020-11-09,12.287,tmax
2020-11-16,11.9266,tmax
2020-11-23,8.0842,tmax
2020-11-30,6.2576,tmax
2020-12-07,5.0286,tmax
2020-12-14,9.9222,tmax
2020-12-21,7.841,tmax
2020-12-28,4.6527,tmax
2021-01-04,3.5083,tmax
2021-01-11,4.2345,tmax
2021-01-18,7.2725,tmax
2021-01-25,4.0638,tmax
2021-02-01,2.7037,tmax
2021-02-08,-1.0633,tmax
2021-02-15,10.4105,tmax
2021-02-22,12.1013,tmax
2021-03-01,7.6121,tmax
2021-03-08,8.1144,tmax
2021-03-15,7.4109,tmax
2021-03-22,10.8357,tmax
2021-03-29,13.1154,tmax
2021-04-05,7.3659,tmax
2021-04-12,9.6062,tmax
2021-04-19,11.3569,tmax
2021-04-26,11.5861,tmax
2021-05-03,12.7966,tmax
2021-05-10,15.1272,tmax
2021-05-17,14.661,tmax
2021-05-24,14.5497,tmax
2021-05-31,20.8864,tmax
2021-06-07,21.0369,tmax
2021-06-14,24.3777,tmax
2021-06-21,18.5586,tmax
2021-06-28,21.0537,tmax
2021-07-05,21.2083,tmax
2021-07-12,21.9422,tmax
2021-07-19,21.1775,tmax
2021-07-26,20.4871,tmax
2021-08-02,20.062,tmax
2021-08-09,21.32,tmax
2021-08-16,19.5893,tmax
2021-08-23,19.2384,tmax
2021-08-30,19.0613,tmax
2021-09-06,22.3497,tmax
2021-09-13,19.2061,tmax
2021-09-20,18.9211,tmax
2021-09-27,16.975,tmax
2021-10-04,15.3566,tmax
2021-10-11,13.5809,tmax
2021-10-18,13.8289,tmax
2021-10-25,14.3662,tmax
2021-11-01,11.019,tmax
2021-11-08,10.8337,tmax
2021-11-15,10.2438,tmax
2021-11-22,7.1534,tmax
2021-11-29,6.1474,tmax
2021-12-06,5.5241,tmax
2021-12-13,9.6131,tmax
2021-12-20,2.1498,tmax
2021-12-27,10.3877,tmax
2022-01-03,6.7283,tmax
2022-01-10,6.5469,tmax
2022-01-17,7.3326,tmax
2022-01-24,7.3987,tmax
2022-01-31,8.2946,tmax
2022-02-07,8.0459,tmax
2022-02-14,10.0231,tmax
2022-02-21,8.4045,tmax
2022-02-28,7.6039,tmax
2022-03-07,11.0852,tmax
2022-03-14,11.7618,tmax
2022-03-21,14.6275,tmax
2022-03-28,7.0971,tmax
2022-04-04,9.6242,tmax
2022-04-11,14.5179,tmax
2022-04-18,15.5879,tmax
2022-04-25,11.9403,tmax
2022-05-02,14.9675,tmax
2022-05-09,19.0776,tmax
2022-05-16,21.3491,tmax
2022-05-23,16.5611,tmax
2022-05-30,17.3072,tmax
2022-06-06,18.863,tmax
2022-06-13,19.7641,tmax
2022-06-20,21.8676,tmax
2022-06-27,22.037,tmax
2022-07-04,18.8775,tmax
2022-07-11,20.7599,tmax
2022-07-18,25.3123,tmax
2022-07-25,20.8265,tmax
2022-08-01,22.5848,tmax
2022-08-08,26.0245,tmax
2022-08-15,23.7612,tmax
2022-08-22,24.382,tmax
2022-08-29,22.4432,tmax
2022-09-05,21.7324,tmax
2022-09-12,17.3856,tmax
2022-09-19,15.7512,tmax
2022-09-26,14.1924,tmax
2022-10-03,16.5313,tmax
2022-10-10,15.13,tmax
2022-10-17,15.9233,tmax
2022-10-24,18.2467,tmax
2022-10-31,13.8548,tmax
2022-11-07,13.2049,tmax
2022-11-14,7.5952,tmax
2022-11-21,8.0782,tmax
2022-11-28,5.8454,tmax
2022-12-05,3.6864,tmax
2022-12-12,0.2279,tmax
2022-12-19,8.4661,tmax
2022-12-26,11.4026,tmax
2023-01-02,10.6617,tmax
2023-01-09,9.4949,tmax
2023-01-16,3.7263,tmax
2023-01-23,4.4547,tmax
2023-01-30,8.1105,tmax
2023-02-06,6.6862,tmax
2023-02-13,10.0084,tmax
2023-02-20,8.5105,tmax
2023-02-27,6.465,tmax
2023-03-06,4.9411,tmax
2023-03-13,11.9041,tmax
2023-03-20,11.4749,tmax
2023-03-27,10.3107,tmax
2023-04-03,10.5023,tmax
2023-04-10,12.1426,tmax
2023-04-17,15.2704,tmax
2023-04-24,11.5703,tmax
2023-05-01,15.6105,tmax
2023-05-08,18.3552,tmax
2023-05-15,15.351,tmax
2023-05-22,16.1359,tmax
2023-05-29,16.4688,tmax
2023-06-05,21.3358,tmax
2023-06-12,24.0839,tmax
2023-06-19,24.9528,tmax
2023-06-26,20.2292,tmax
2023-07-03,22.7267,tmax
2023-07-10,23.0285,tmax
2023-07-17,19.6542,tmax
2023-07-24,19.702,tmax
2023-07-31,19.5937,tmax
2023-08-07,20.3938,tmax
2023-08-14,23.644,tmax
2023-08-21,21.8854,tmax
2023-08-28,18.795,tmax
2023-09-04,26.4207,tmax
2023-09-11,21.6947,tmax
2023-09-18,19.3551,tmax
2023-09-25,20.0982,tmax
2023-10-02,18.353,tmax
2023-10-09,16.7539,tmax
2023-10-16,12.362,tmax
2023-10-23,12.7927,tmax
2023-10-30,12.4524,tmax
2023-11-06,10.2592,tmax
2023-11-13,10.9108,tmax
2023-11-20,9.2621,tmax
2023-11-27,2.287,tmax
2023-12-04,5.4616,tmax
2023-12-11,8.2359,tmax
2023-12-18,9.6758,tmax
2023-12-25,10.182,tmax
1999-12-27,5.3018,tavg
2000-01-03,5.0924,tavg
2000-01-10,2.2566,tavg
2000-01-17,4.0634,tavg
2000-01-24,3.3652,tavg
2000-01-31,7.4177,tavg
2000-02-07,5.5915,tavg
2000-02-14,3.2783,tavg
2000-02-21,4.2932,tavg
2000-02-28,4.7295,tavg
2000-03-06,7.8014,tavg
2000-03-13,6.2214,tavg
2000-03-20,6.6152,tavg
2000-03-27,5.6778,tavg
2000-04-03,6.6265,tavg
2000-04-10,6.2557,tavg
2000-04-17,12.0841,tavg
2000-04-24,13.5601,tavg
2000-05-01,13.9731,tavg
2000-05-08,16.7157,tavg
2000-05-15,13.6148,tavg
2000-05-22,12.5026,tavg
2000-05-29,13.3209,tavg
2000-06-05,14.9725,tavg
2000-06-12,15.1528,tavg
2000-06-19,18.0319,tavg
2000-06-26,13.088,tavg
2000-07-03,14.9385,tavg
2000-07-10,13.625,tavg
2000-07-17,14.8278,tavg
2000-07-24,16.3588,tavg
2000-07-31,17.2608,tavg
2000-08-07,17.0676,tavg
2000-08-14,18.1827,tavg
2000-08-21,15.7167,tavg
2000-08-28,14.6576,tavg
2000-09-04,15.1534,tavg
2000-09-11,16.2381,tavg
2000-09-18,13.0605,tavg
2000-09-25,15.373,tavg
2000-10-02,11.0939,tavg
2000-10-09,10.3584,tavg
2000-10-16,11.6698,tavg
2000-10-23,11.6265,tavg
2000-10-30,8.1295,tavg
2000-11-06,7.8629,tavg
2000-11-13,6.7004,tavg
2000-11-20,6.5193,tavg
2000-11-27,9.4216,tavg
2000-12-04,9.3271,tavg
2000-12-11,7.671,tavg
2000-12-18,-1.1522,tavg
2000-12-25,-0.6549,tavg
2001-01-01,5.5458,tavg
2001-01-08,0.8806,tavg
2001-01-15,-2.1887,tavg
2001-01-22,4.0565,tavg
2001-01-29,-0.3523,tavg
2001-02-05,6.2347,tavg
2001-02-12,4.1283,tavg
2001-02-19,2.7201,tavg
2001-02-26,0.5879,tavg
2001-03-05,6.0597,tavg
2001-03-12,4.3587,tavg
2001-03-19,1.5101,tavg
2001-03-26,5.3621,tavg
2001-04-02,9.1752,tavg
2001-04-09,5.3143,tavg
2001-04-16,4.7089,tavg
2001-04-23,9.2165,tavg
2001-04-30,9.9708,tavg
2001-05-07,14.2234,tavg
2001-05-14,12.2149,tavg
2001-05-21,13.2347,tavg
2001-05-28,12.9957,tavg
2001-06-04,12.0361,tavg
2001-06-11,13.7284,tavg
2001-06-18,13.9739,tavg
2001-06-25,17.7171,tavg
2001-07-02,20.6019,tavg
2001-07-09,15.8219,tavg
2001-07-16,16.229,tavg
2001-07-23,19.3566,tavg
2001-07-30,17.7435,tavg
2001-08-06,15.9865,tavg
2001-08-13,20.1324,tavg
2001-08-20,21.0408,tavg
2001-08-27,15.7768,tavg
2001-09-03,13.8304,tavg
2001-09-10,12.759,tavg
2001-09-17,11.9475,tavg
2001-09-24,13.8713,tavg
2001-10-01,14.7705,tavg
2001-10-08,14.9783,tavg
2001-10-15,13.859,tavg
2001-10-22,12.1749,tavg
2001-10-29,11.5759,tavg
2001-11-05,6.2551,tavg
2001-11-12,6.3145,tavg
2001-11-19,7.4056,tavg
2001-11-26,6.8716,tavg
2001-12-03,4.406,tavg
2001-12-10,1.1519,tavg
2001-12-17,1.5897,tavg
2001-12-24,2.1458,tavg
2001-12-31,-0.905,tavg
2002-01-07,1.0639,tavg
2002-01-14,4.0526,tavg
2002-01-21,7.4993,tavg
2002-01-28,9.9037,tavg
2002-02-04,8.1793,tavg
2002-02-11,4.0639,tavg
2002-02-18,4.0733,tavg
2002-02-25,4.8038,tavg
2002-03-04,7.4538,tavg
2002-03-11,6.2486,tavg
2002-03-18,6.3741,tavg
2002-03-25,5.7954,tavg
2002-04-01,8.7868,tavg
2002-04-08,6.8997,tavg
2002-04-15,8.3308,tavg
2002-04-22,10.4999,tavg
2002-04-29,9.427,tavg
2002-05-06,13.0873,tavg
2002-05-13,13.8752,tavg
2002-05-20,15.2491,tavg
2002-05-27,13.6564,tavg
2002-06-03,17.4856,tavg
2002-06-10,15.3335,tavg
2002-06-17,18.1943,tavg
2002-06-24,14.7642,tavg
2002-07-01,14.7473,tavg
2002-07-08,17.4784,tavg
2002-07-15,16.7064,tavg
2002-07-22,17.8024,tavg
2002-07-29,21.0169,tavg
2002-08-05,18.7536,tavg
2002-08-12,20.3427,tavg
2002-08-19,19.5121,tavg
2002-08-26,18.476,tavg
2002-09-02,16.9781,tavg
2002-09-09,16.7233,tavg
2002-09-16,14.2005,tavg
2002-09-23,12.4048,tavg
2002-09-30,12.3013,tavg
2002-10-07,6.7487,tavg
2002-10-14,7.4274,tavg
2002-10-21,9.8451,tavg
2002-10-28,7.1565,tavg
2002-11-04,5.6766,tavg
2002-11-11,8.1798,tavg
2002-11-18,4.8928,tavg
2002-11-25,6.3852,tavg
2002-12-02,3.0505,tavg
2002-12-09,-4.8106,tavg
2002-12-16,-0.3899,tavg
2002-12-23,5.3918,tavg
2002-12-30,0.1052,tavg
2003-01-06,-4.6096,tavg
2003-01-13,5.1157,tavg
2003-01-20,5.3875,tavg
2003-01-27,1.2869,tavg
2003-02-03,2.4905,tavg
2003-02-10,-1.9042,tavg
2003-02-17,-1.3819,tavg
2003-02-24,4.1736,tavg
2003-03-03,6.2988,tavg
2003-03-10,5.273,tavg
2003-03-17,4.1718,tavg
2003-03-24,8.3437,tavg
2003-03-31,5.2167,tavg
2003-04-07,3.9129,tavg
2003-04-14,11.5374,tavg
2003-04-21,12.4442,tavg
2003-04-28,12.5705,tavg
2003-05-05,12.0842,tavg
2003-05-12,10.92,tavg
2003-05-19,12.4768,tavg
2003-05-26,16.5658,tavg
2003-06-02,18.9989,tavg
2003-06-09,16.0668,tavg
2003-06-16,16.3008,tavg
2003-06-23,16.9117,tavg
2003-06-30,15.5588,tavg
2003-07-07,16.9711,tavg
2003-07-14,21.5517,tavg
2003-07-21,19.1764,tavg
2003-07-28,19.5161,tavg
2003-08-04,22.4437,tavg
2003-08-11,19.8245,tavg
2003-08-18,18.0889,tavg
2003-08-25,15.4164,tavg
2003-09-01,14.9926,tavg
2003-09-08,13.6832,tavg
2003-09-15,17.0927,tavg
2003-09-22,12.6008,tavg
2003-09-29,10.8112,tavg
2003-10-06,10.6939,tavg
2003-10-13,5.938,tavg
2003-10-20,3.8145,tavg
2003-10-27,5.4255,tavg
2003-11-03,7.6401,tavg
2003-11-10,5.6484,tavg
2003-11-17,10.2211,tavg
2003-11-24,5.779,tavg
2003-12-01,4.6944,tavg
2003-12-08,2.3746,tavg
2003-12-15,4.3759,tavg
2003-12-22,4.5084,tavg
2003-12-29,0.1665,tavg
2004-01-05,4.9915,tavg
2004-01-12,4.4043,tavg
2004-01-19,1.8438,tavg
2004-01-26,2.4377,tavg
2004-02-02,9.0616,tavg
2004-02-09,4.6615,tavg
2004-02-16,2.0966,tavg
2004-02-23,-0.2139,tavg
2004-03-01,2.038,tavg
2004-03-08,4.004,tavg
2004-03-15,9.5332,tavg
2004-03-22,4.151,tavg
2004-03-29,9.7518,tavg
2004-04-05,5.8149,tavg
2004-04-12,10.1657,tavg
2004-04-19,10.2011,tavg
2004-04-26,13.5938,tavg
2004-05-03,11.096,tavg
2004-05-10,11.6367,tavg
2004-05-17,11.7395,tavg
2004-05-24,12.3383,tavg
2004-05-31,14.3025,tavg
2004-06-07,16.968,tavg
2004-06-14,13.8671,tavg
2004-06-21,14.3894,tavg
2004-06-28,15.0918,tavg
2004-07-05,14.932,tavg
2004-07-12,16.3096,tavg
2004-07-19,17.4204,tavg
2004-07-26,17.8845,tavg
2004-08-02,22.264,tavg
2004-08-09,20.5703,tavg
2004-08-16,17.4979,tavg
2004-08-23,15.6599,tavg
2004-08-30,16.3552,tavg
2004-09-06,16.8534,tavg
2004-09-13,14.4005,tavg
2004-09-20,12.584,tavg
2004-09-27,13.5578,tavg
2004-10-04,11.2864,tavg
2004-10-11,8.5865,tavg
2004-10-18,12.1848,tavg
2004-10-25,10.453,tavg
2004-11-01,8.8529,tavg
2004-11-08,5.1455,tavg
2004-11-15,6.2035,tavg
2004-11-22,4.9435,tavg
2004-11-29,4.4474,tavg
2004-12-06,3.2253,tavg
2004-12-13,3.1615,tavg
2004-12-20,3.0769,tavg
2004-12-27,4.0205,tavg
2005-01-03,7.7379,tavg
2005-01-10,5.0458,tavg
2005-01-17,4.6182,tavg
2005-01-24,0.624,tavg
2005-01-31,4.1631,tavg
2005-02-07,2.9727,tavg
2005-02-14,1.0831,tavg
2005-02-21,-0.1049,tavg
2005-02-28,-3.4559,tavg
2005-03-07,2.5757,tavg
2005-03-14,7.448,tavg
2005-03-21,9.5968,tavg
2005-03-28,9.4233,tavg
2005-04-04,7.7982,tavg
2005-04-11,10.874,tavg
2005-04-18,8.6399,tavg
2005-04-25,12.4043,tavg
2005-05-02,10.1415,tavg
2005-05-09,9.0498,tavg
2005-05-16,11.5479,tavg
2005-05-23,16.8166,tavg
2005-05-30,13.1386,tavg
2005-06-06,10.9325,tavg
2005-06-13,16.3356,tavg
2005-06-20,19.4277,tavg
2005-06-27,16.8737,tavg
2005-07-04,17.0355,tavg
2005-07-11,18.6651,tavg
2005-07-18,16.1774,tavg
2005-07-25,17.4537,tavg
2005-08-01,14.3841,tavg
2005-08-08,14.9462,tavg
2005-08-15,17.6294,tavg
2005-08-22,15.2787,tavg
2005-08-29,18.3582,tavg
2005-09-05,19.1394,tavg
2005-09-12,13.5702,tavg
2005-09-19,14.1887,tavg
2005-09-26,12.8545,tavg
2005-10-03,12.9644,tavg
2005-10-10,12.9708,tavg
2005-10-17,10.2916,tavg
2005-10-24,14.6289,tavg
2005-10-31,12.6235,tavg
2005-11-07,9.7338,tavg
2005-11-14,5.271,tavg
2005-11-21,3.0176,tavg
2005-11-28,3.113,tavg
2005-12-05,4.2134,tavg
2005-12-12,5.3049,tavg
2005-12-19,5.8694,tavg
2005-12-26,0.1519,tavg
2006-01-02,0.7803,tavg
2006-01-09,0.2862,tavg
2006-01-16,2.1924,tavg
2006-01-23,-2.1657,tavg
2006-01-30,0.5096,tavg
2006-02-06,2.7954,tavg
2006-02-13,3.7455,tavg
2006-02-20,0.9084,tavg
2006-02-27,-0.0315,tavg
2006-03-06,0.3246,tavg
2006-03-13,-0.1677,tavg
2006-03-20,4.5046,tavg
2006-03-27,9.3134,tavg
2006-04-03,5.5355,tavg
2006-04-10,7.1897,tavg
2006-04-17,9.4803,tavg
2006-04-24,9.2192,tavg
2006-05-01,15.5016,tavg
2006-05-08,14.5424,tavg
2006-05-15,13.3961,tavg
2006-05-22,11.4135,tavg
2006-05-29,10.7474,tavg
2006-06-05,15.3315,tavg
2006-06-12,17.5338,tavg
2006-06-19,17.1123,tavg
2006-06-26,17.2418,tavg
2006-07-03,21.2955,tavg
2006-07-10,18.2826,tavg
2006-07-17,22.1338,tavg
2006-07-24,21.796,tavg
2006-07-31,17.9363,tavg
2006-08-07,15.7747,tavg
2006-08-14,17.458,tavg
2006-08-21,16.2933,tavg
2006-08-28,16.0106,tavg
2006-09-04,16.4735,tavg
2006-09-11,19.8064,tavg
2006-09-18,17.5244,tavg
2006-09-25,16.385,tavg
2006-10-02,13.8172,tavg
2006-10-09,13.7767,tavg
2006-10-16,12.9899,tavg
2006-10-23,13.5133,tavg
2006-10-30,8.8386,tavg
2006-11-06,8.6982,tavg
2006-11-13,10.1713,tavg
2006-11-20,9.0136,tavg
2006-11-27,8.8262,tavg
2006-12-04,8.2753,tavg
2006-12-11,7.5797,tavg
2006-12-18,4.9715,tavg
2006-12-25,5.544,tavg
2007-01-01,7.1445,tavg
2007-01-08,9.3138,tavg
2007-01-15,7.6921,tavg
2007-01-22,1.3518,tavg
2007-01-29,6.4516,tavg
2007-02-05,1.1548,tavg
2007-02-12,5.5339,tavg
2007-02-19,6.5985,tavg
2007-02-26,6.1933,tavg
2007-03-05,7.5625,tavg
2007-03-12,7.4232,tavg
2007-03-19,6.1982,tavg
2007-03-26,9.8283,tavg
2007-04-02,8.0679,tavg
2007-04-09,13.2385,tavg
2007-04-16,9.5134,tavg
2007-04-23,15.4942,tavg
2007-04-30,12.0032,tavg
2007-05-07,12.3061,tavg
2007-05-14,12.5029,tavg
2007-05-21,15.0321,tavg
2007-05-28,14.6581,tavg
2007-06-04,19.6742,tavg
2007-06-11,17.2691,tavg
2007-06-18,16.8701,tavg
2007-06-25,14.6933,tavg
2007-07-02,15.5371,tavg
2007-07-09,17.2112,tavg
2007-07-16,18.2487,tavg
2007-07-23,16.4343,tavg
2007-07-30,16.8703,tavg
2007-08-06,17.5151,tavg
2007-08-13,17.123,tavg
2007-08-20,17.7685,tavg
2007-08-27,14.6868,tavg
2007-09-03,14.4346,tavg
2007-09-10,13.878,tavg
2007-09-17,14.1263,tavg
2007-09-24,12.57,tavg
2007-10-01,11.517,tavg
2007-10-08,10.5701,tavg
2007-10-15,9.8719,tavg
2007-10-22,7.7549,tavg
2007-10-29,10.5102,tavg
2007-11-05,7.9543,tavg
2007-11-12,4.32,tavg
2007-11-19,5.9331,tavg
2007-11-26,6.412,tavg
2007-12-03,7.9929,tavg
2007-12-10,2.8295,tavg
2007-12-17,-1.2275,tavg
2007-12-24,4.4624,tavg
2007-12-31,1.3073,tavg
2008-01-07,6.3204,tavg
2008-01-14,7.593,tavg
2008-01-21,6.909,tavg
2008-01-28,4.6689,tavg
2008-02-04,5.6483,tavg
2008-02-11,1.7298,tavg
2008-02-18,5.9084,tavg
2008-02-25,7.1022,tavg
2008-03-03,5.5252,tavg
2008-03-10,6.4936,tavg
2008-03-17,2.9235,tavg
2008-03-24,4.5735,tavg
2008-03-31,6.8403,tavg
2008-04-07,5.455,tavg
2008-04-14,6.5771,tavg
2008-04-21,11.7847,tavg
2008-04-28,11.3185,tavg
2008-05-05,16.1447,tavg
2008-05-12,13.4576,tavg
2008-05-19,12.647,tavg
2008-05-26,16.5472,tavg
2008-06-02,18.8911,tavg
2008-06-09,13.5483,tavg
2008-06-16,15.6252,tavg
2008-06-23,16.1284,tavg
2008-06-30,18.6644,tavg
2008-07-07,15.7567,tavg
2008-07-14,15.9744,tavg
2008-07-21,19.1351,tavg
2008-07-28,20.9572,tavg
2008-08-04,18.1591,tavg
2008-08-11,16.2852,tavg
2008-08-18,15.9787,tavg
2008-08-25,17.8398,tavg
2008-09-01,15.7089,tavg
2008-09-08,15.9869,tavg
2008-09-15,11.6765,tavg
2008-09-22,12.0356,tavg
2008-09-29,10.4678,tavg
2008-10-06,12.3067,tavg
2008-10-13,11.7629,tavg
2008-10-20,9.9291,tavg
2008-10-27,5.291,tavg
2008-11-03,9.1746,tavg
2008-11-10,9.2636,tavg
2008-11-17,5.2558,tavg
2008-11-24,3.7694,tavg
2008-12-01,3.5232,tavg
2008-12-08,1.757,tavg
2008-12-15,4.3326,tavg
2008-12-22,2.6373,tavg
2008-12-29,-1.626,tavg
2009-01-05,-2.4215,tavg
2009-01-12,3.2322,tavg
2009-01-19,3.0764,tavg
2009-01-26,-0.9231,tavg
2009-02-02,1.9741,tavg
2009-02-09,0.9828,tavg
2009-02-16,2.9836,tavg
2009-02-23,5.6855,tavg
2009-03-02,5.3713,tavg
2009-03-09,5.9605,tavg
2009-03-16,5.2929,tavg
2009-03-23,4.8482,tavg
2009-03-30,8.5723,tavg
2009-04-06,12.9081,tavg
2009-04-13,12.2995,tavg
2009-04-20,11.7126,tavg
2009-04-27,11.0303,tavg
2009-05-04,11.4946,tavg
2009-05-11,12.3573,tavg
2009-05-18,13.6899,tavg
2009-05-25,14.7085,tavg
2009-06-01,12.118,tavg
2009-06-08,13.6576,tavg
2009-06-15,13.9564,tavg
2009-06-22,17.5868,tavg
2009-06-29,20.2626,tavg
2009-07-06,15.4562,tavg
2009-07-13,18.1187,tavg
2009-07-20,17.3803,tavg
2009-07-27,17.5312,tavg
2009-08-03,19.3169,tavg
2009-08-10,18.0213,tavg
2009-08-17,18.6456,tavg
2009-08-24,16.9081,tavg
2009-08-31,15.8149,tavg
2009-09-07,16.1427,tavg
2009-09-14,14.9714,tavg
2009-09-21,13.7574,tavg
2009-09-28,12.7373,tavg
2009-10-05,10.9715,tavg
2009-10-12,7.7244,tavg
2009-10-19,8.4362,tavg
2009-10-26,10.6789,tavg
2009-11-02,7.5801,tavg
2009-11-09,8.8373,tavg
2009-11-16,10.6968,tavg
2009-11-23,8.881,tavg
2009-11-30,5.6664,tavg
2009-12-07,5.2442,tavg
2009-12-14,-3.555,tavg
2009-12-21,0.7874,tavg
2009-12-28,-1.9756,tavg
2010-01-04,-2.6721,tavg
2010-01-11,-1.0611,tavg
2010-01-18,-0.9465,tavg
2010-01-25,-2.1613,tavg
2010-02-01,0.5181,tavg
2010-02-08,-3.7982,tavg
2010-02-15,-0.8134,tavg
2010-02-22,4.0938,tavg
2010-03-01,0.6845,tavg
2010-03-08,1.9563,tavg
2010-03-15,7.8007,tavg
2010-03-22,9.3327,tavg
2010-03-29,7.5499,tavg
2010-04-05,8.4746,tavg
2010-04-12,7.7322,tavg
2010-04-19,8.1728,tavg
2010-04-26,11.8423,tavg
2010-05-03,7.5862,tavg
2010-05-10,8.0637,tavg
2010-05-17,11.7457,tavg
2010-05-24,11.689,tavg
2010-05-31,14.3689,tavg
2010-06-07,15.5188,tavg
2010-06-14,12.8284,tavg
2010-06-21,16.0596,tavg
2010-06-28,20.6599,tavg
2010-07-05,20.7592,tavg
2010-07-12,19.7991,tavg
2010-07-19,19.1876,tavg
2010-07-26,17.4148,tavg
2010-08-02,16.7517,tavg
2010-08-09,17.5233,tavg
2010-08-16,18.1284,tavg
2010-08-23,14.7467,tavg
2010-08-30,13.6193,tavg
2010-09-06,15.1928,tavg
2010-09-13,12.9938,tavg
2010-09-20,13.5608,tavg
2010-09-27,12.3864,tavg
2010-10-04,13.9297,tavg
2010-10-11,8.3838,tavg
2010-10-18,7.9074,tavg
2010-10-25,9.2663,tavg
2010-11-01,9.9301,tavg
2010-11-08,6.9574,tavg
2010-11-15,5.1273,tavg
2010-11-22,0.5323,tavg
2010-11-29,-2.741,tavg
2010-12-06,0.8818,tavg
2010-12-13,-2.9811,tavg
2010-12-20,-3.9433,tavg
2010-12-27,-1.1815,tavg
2011-01-03,1.9557,tavg
2011-01-10,5.5356,tavg
2011-01-17,3.3281,tavg
2011-01-24,-0.1676,tavg
2011-01-31,4.6739,tavg
2011-02-07,4.1835,tavg
2011-02-14,1.7496,tavg
2011-02-21,0.9948,tavg
2011-02-28,0.7737,tavg
2011-03-07,5.6044,tavg
2011-03-14,5.5951,tavg
2011-03-21,5.7209,tavg
2011-03-28,9.0157,tavg
2011-04-04,9.5547,tavg
2011-04-11,9.1038,tavg
2011-04-18,15.0802,tavg
2011-04-25,12.6842,tavg
2011-05-02,12.1161,tavg
2011-05-09,13.3437,tavg
2011-05-16,13.591,tavg
2011-05-23,13.7172,tavg
2011-05-30,15.8769,tavg
2011-06-06,14.152,tavg
2011-06-13,15.1458,tavg
2011-06-20,15.0656,tavg
2011-06-27,17.2374,tavg
2011-07-04,16.5779,tavg
2011-07-11,16.3765,tavg
2011-07-18,15.2968,tavg
2011-07-25,15.9819,tavg
2011-08-01,18.9193,tavg
2011-08-08,15.8094,tavg
2011-08-15,16.4495,tavg
2011-08-22,17.5093,tavg
2011-08-29,15.3872,tavg
2011-09-05,16.2184,tavg
2011-09-12,14.0557,tavg
2011-09-19,13.9908,tavg
2011-09-26,16.2066,tavg
2011-10-03,13.1953,tavg
2011-10-10,9.8999,tavg
2011-10-17,8.1666,tavg
2011-10-24,10.701,tavg
2011-10-31,11.787,tavg
2011-11-07,5.3813,tavg
2011-11-14,1.9406,tavg
2011-11-21,5.7493,tavg
2011-11-28,6.5451,tavg
2011-12-05,4.2673,tavg
2011-12-12,4.6808,tavg
2011-12-19,6.092,tavg
2011-12-26,7.3249,tavg
2012-01-02,6.3823,tavg
2012-01-09,5.5205,tavg
2012-01-16,3.0413,tavg
2012-01-23,1.6128,tavg
2012-01-30,-6.6658,tavg
2012-02-06,-4.7877,tavg
2012-02-13,3.6891,tavg
2012-02-20,5.5583,tavg
2012-02-27,7.0668,tavg
2012-03-05,6.091,tavg
2012-03-12,6.97,tavg
2012-03-19,7.5951,tavg
2012-03-26,7.4533,tavg
2012-04-02,5.0825,tavg
2012-04-09,6.9622,tavg
2012-04-16,7.3397,tavg
2012-04-23,10.4121,tavg
2012-04-30,11.3328,tavg
2012-05-07,11.9423,tavg
2012-05-14,11.7556,tavg
2012-05-21,19.0872,tavg
2012-05-28,12.1502,tavg
2012-06-04,12.9226,tavg
2012-06-11,13.668,tavg
2012-06-18,15.333,tavg
2012-06-25,16.913,tavg
2012-07-02,19.0611,tavg
2012-07-09,14.9603,tavg
2012-07-16,15.041,tavg
2012-07-23,18.9061,tavg
2012-07-30,17.3001,tavg
2012-08-06,16.3404,tavg
2012-08-13,21.2855,tavg
2012-08-20,17.7676,tavg
2012-08-27,15.9805,tavg
2012-09-03,16.751,tavg
2012-09-10,14.3761,tavg
2012-09-17,11.6681,tavg
2012-09-24,12.5543,tavg
2012-10-01,11.7658,tavg
2012-10-08,8.7225,tavg
2012-10-15,12.799,tavg
2012-10-22,8.2638,tavg
2012-10-29,6.7094,tavg
2012-11-05,8.5286,tavg
2012-11-12,5.3716,tavg
2012-11-19,6.5286,tavg
2012-11-26,4.1199,tavg
2012-12-03,0.9166,tavg
2012-12-10,2.413,tavg
2012-12-17,4.1154,tavg
2012-12-24,6.9725,tavg
2012-12-31,7.6752,tavg
2013-01-07,3.0075,tavg
2013-01-14,-3.7728,tavg
2013-01-21,-3.3882,tavg
2013-01-28,5.5583,tavg
2013-02-04,1.1859,tavg
2013-02-11,0.4153,tavg
2013-02-18,-0.1263,tavg
2013-02-25,1.7692,tavg
2013-03-04,3.5429,tavg
2013-03-11,-0.4933,tavg
2013-03-18,-0.3194,tavg
2013-03-25,-0.2609,tavg
2013-04-01,2.4127,tavg
2013-04-08,7.3318,tavg
2013-04-15,9.9741,tavg
2013-04-22,9.293,tavg
2013-04-29,9.6746,tavg
2013-05-06,12.8313,tavg
2013-05-13,10.7689,tavg
2013-05-20,9.1414,tavg
2013-05-27,12.1106,tavg
2013-06-03,13.7813,tavg
2013-06-10,14.6493,tavg
2013-06-17,17.4342,tavg
2013-06-24,13.1303,tavg
2013-07-01,16.7542,tavg
2013-07-08,15.3062,tavg
2013-07-15,18.63,tavg
2013-07-22,21.5364,tavg
2013-07-29,20.6436,tavg
2013-08-05,17.4103,tavg
2013-08-12,16.7165,tavg
2013-08-19,17.5771,tavg
2013-08-26,16.4968,tavg
2013-09-02,17.9417,tavg
2013-09-09,13.7522,tavg
2013-09-16,12.5794,tavg
2013-09-23,12.2778,tavg
2013-09-30,11.3243,tavg
2013-10-07,11.2295,tavg
2013-10-14,11.4734,tavg
2013-10-21,14.1715,tavg
2013-10-28,10.2059,tavg
2013-11-04,7.9446,tavg
2013-11-11,6.7608,tavg
2013-11-18,4.4075,tavg
2013-11-25,6.3034,tavg
2013-12-02,4.4919,tavg
2013-12-09,4.8251,tavg
2013-12-16,6.8334,tavg
2013-12-23,6.2794,tavg
2013-12-30,6.5092,tavg
2014-01-06,7.0897,tavg
2014-01-13,5.3519,tavg
2014-01-20,-0.3094,tavg
2014-01-27,1.2879,tavg
2014-02-03,5.5487,tavg
2014-02-10,5.4125,tavg
2014-02-17,6.2223,tavg
2014-02-24,5.9056,tavg
2014-03-03,6.7235,tavg
2014-03-10,7.5639,tavg
2014-03-17,8.2004,tavg
2014-03-24,7.0695,tavg
2014-03-31,10.9326,tavg
2014-04-07,9.8288,tavg
2014-04-14,9.0191,tavg
2014-04-21,12.7181,tavg
2014-04-28,10.8151,tavg
2014-05-05,11.5814,tavg
2014-05-12,10.8646,tavg
2014-05-19,17.0695,tavg
2014-05-26,12.9895,tavg
2014-06-02,16.0205,tavg
2014-06-09,17.1254,tavg
2014-06-16,14.4501,tavg
2014-06-23,15.0287,tavg
2014-06-30,17.4593,tavg
2014-07-07,18.803,tavg
2014-07-14,20.844,tavg
2014-07-21,20.5232,tavg
2014-07-28,20.2803,tavg
2014-08-04,18.791,tavg
2014-08-11,15.5619,tavg
2014-08-18,12.7369,tavg
2014-08-25,15.2281,tavg
2014-09-01,16.8724,tavg
2014-09-08,15.3932,tavg
2014-09-15,17.5879,tavg
2014-09-22,13.7736,tavg
2014-09-29,15.4972,tavg
2014-10-06,13.3282,tavg
2014-10-13,14.1143,tavg
2014-10-20,11.9818,tavg
2014-10-27,11.8915,tavg
2014-11-03,8.928,tavg
2014-11-10,9.0299,tavg
2014-11-17,7.1356,tavg
2014-11-24,3.8429,tavg
2014-12-01,1.3646,tavg
2014-12-08,4.1734,tavg
2014-12-15,6.9753,tavg
2014-12-22,4.8663,tavg
2014-12-29,4.5904,tavg
2015-01-05,5.7606,tavg
2015-01-12,5.0028,tavg
2015-01-19,0.0611,tavg
2015-01-26,2.4549,tavg
2015-02-02,1.0151,tavg
2015-02-09,3.6933,tavg
2015-02-16,2.5763,tavg
2015-02-23,4.8349,tavg
2015-03-02,5.704,tavg
2015-03-09,4.9798,tavg
2015-03-16,5.7138,tavg
2015-03-23,5.9086,tavg
2015-03-30,5.3328,tavg
2015-04-06,8.5092,tavg
2015-04-13,8.5153,tavg
2015-04-20,9.2049,tavg
2015-04-27,7.991,tavg
2015-05-04,12.5053,tavg
2015-05-11,11.0861,tavg
2015-05-18,11.2157,tavg
2015-05-25,11.1822,tavg
2015-06-01,14.6336,tavg
2015-06-08,14.411,tavg
2015-06-15,12.5683,tavg
2015-06-22,15.2737,tavg
2015-06-29,21.3904,tavg
2015-07-06,16.7923,tavg
2015-07-13,17.2512,tavg
2015-07-20,17.2999,tavg
2015-07-27,14.8634,tavg
2015-08-03,18.6873,tavg
2015-08-10,18.8839,tavg
2015-08-17,18.0991,tavg
2015-08-24,17.3948,tavg
2015-08-31,14.7612,tavg
2015-09-07,14.4998,tavg
2015-09-14,14.0994,tavg
2015-09-21,12.4545,tavg
2015-09-28,11.3339,tavg
2015-10-05,12.1682,tavg
2015-10-12,7.2274,tavg
2015-10-19,10.2018,tavg
2015-10-26,8.8369,tavg
2015-11-02,11.4792,tavg
2015-11-09,12.1879,tavg
2015-11-16,8.5165,tavg
2015-11-23,5.5263,tavg
2015-11-30,8.9697,tavg
2015-12-07,7.4917,tavg
2015-12-14,9.7169,tavg
2015-12-21,10.2407,tavg
2015-12-28,5.2353,tavg
2016-01-04,0.603,tavg
2016-01-11,2.1686,tavg
2016-01-18,-0.2212,tavg
2016-01-25,7.749,tavg
2016-02-01,7.0528,tavg
2016-02-08,3.6568,tavg
2016-02-15,2.7444,tavg
2016-02-22,2.349,tavg
2016-02-29,2.0866,tavg
2016-03-07,2.7754,tavg
2016-03-14,4.8686,tavg
2016-03-21,7.0988,tavg
2016-03-28,8.2655,tavg
2016-04-04,8.914,tavg
2016-04-11,8.9852,tavg
2016-04-18,6.5915,tavg
2016-04-25,5.4852,tavg
2016-05-02,13.9177,tavg
2016-05-09,14.4851,tavg
2016-05-16,13.4663,tavg
2016-05-23,13.4573,tavg
2016-05-30,18.6821,tavg
2016-06-06,14.7055,tavg
2016-06-13,15.0241,tavg
2016-06-20,17.6506,tavg
2016-06-27,15.5735,tavg
2016-07-04,16.8719,tavg
2016-07-11,16.5059,tavg
2016-07-18,20.6777,tavg
2016-07-25,17.9025,tavg
2016-08-01,17.2402,tavg
2016-08-08,15.1395,tavg
2016-08-15,16.5953,tavg
2016-08-22,20.762,tavg
2016-08-29,16.9687,tavg
2016-09-05,18.1895,tavg
2016-09-12,19.7291,tavg
2016-09-19,15.1148,tavg
2016-09-26,14.5737,tavg
2016-10-03,10.5416,tavg
2016-10-10,9.3562,tavg
2016-10-17,8.3971,tavg
2016-10-24,9.2473,tavg
2016-10-31,7.852,tavg
2016-11-07,1.5707,tavg
2016-11-14,6.9268,tavg
2016-11-21,6.4365,tavg
2016-11-28,2.0252,tavg
2016-12-05,4.7402,tavg
2016-12-12,5.8532,tavg
2016-12-19,5.4229,tavg
2016-12-26,3.5215,tavg
2017-01-02,1.3689,tavg
2017-01-09,3.3273,tavg
2017-01-16,-2.1055,tavg
2017-01-23,0.8606,tavg
2017-01-30,4.3502,tavg
2017-02-06,-0.7984,tavg
2017-02-13,3.7868,tavg
2017-02-20,6.5748,tavg
2017-02-27,6.343,tavg
2017-03-06,5.9143,tavg
2017-03-13,7.7946,tavg
2017-03-20,6.8886,tavg
2017-03-27,11.351,tavg
2017-04-03,9.1728,tavg
2017-04-10,8.1399,tavg
2017-04-17,6.0501,tavg
2017-04-24,6.969,tavg
2017-05-01,10.1756,tavg
2017-05-08,11.5902,tavg
2017-05-15,15.7949,tavg
2017-05-22,16.6382,tavg
2017-05-29,16.5653,tavg
2017-06-05,15.9099,tavg
2017-06-12,16.6752,tavg
2017-06-19,18.3302,tavg
2017-06-26,15.9532,tavg
2017-07-03,17.156,tavg
2017-07-10,16.4474,tavg
2017-07-17,18.3886,tavg
2017-07-24,17.4191,tavg
2017-07-31,17.5519,tavg
2017-08-07,16.31,tavg
2017-08-14,16.9412,tavg
2017-08-21,16.7061,tavg
2017-08-28,16.0183,tavg
2017-09-04,15.2131,tavg
2017-09-11,12.6309,tavg
2017-09-18,12.9784,tavg
2017-09-25,14.425,tavg
2017-10-02,12.5232,tavg
2017-10-09,13.9676,tavg
2017-10-16,13.4601,tavg
2017-10-23,12.1851,tavg
2017-10-30,9.3913,tavg
2017-11-06,6.2248,tavg
2017-11-13,7.4268,tavg
2017-11-20,7.3499,tavg
2017-11-27,3.2114,tavg
2017-12-04,4.7456,tavg
2017-12-11,2.2096,tavg
2017-12-18,6.0901,tavg
2017-12-25,5.6728,tavg
2018-01-01,5.026,tavg
2018-01-08,2.3516,tavg
2018-01-15,2.6587,tavg
2018-01-22,6.7406,tavg
2018-01-29,3.6166,tavg
2018-02-05,-0.664,tavg
2018-02-12,1.3456,tavg
2018-02-19,-0.6505,tavg
2018-02-26,-4.3574,tavg
2018-03-05,5.8783,tavg
2018-03-12,2.6108,tavg
2018-03-19,3.8889,tavg
2018-03-26,4.8901,tavg
2018-04-02,9.605,tavg
2018-04-09,10.9377,tavg
2018-04-16,14.8207,tavg
2018-04-23,10.6498,tavg
2018-04-30,11.0952,tavg
2018-05-07,16.6664,tavg
2018-05-14,14.0953,tavg
2018-05-21,18.9649,tavg
2018-05-28,19.9298,tavg
2018-06-04,17.9787,tavg
2018-06-11,15.7195,tavg
2018-06-18,15.3076,tavg
2018-06-25,17.0889,tavg
2018-07-02,16.5529,tavg
2018-07-09,17.0924,tavg
2018-07-16,19.8771,tavg
2018-07-23,23.8603,tavg
2018-07-30,21.6455,tavg
2018-08-06,19.6404,tavg
2018-08-13,18.6119,tavg
2018-08-20,17.0595,tavg
2018-08-27,15.7447,tavg
2018-09-03,17.358,tavg
2018-09-10,14.9622,tavg
2018-09-17,15.8973,tavg
2018-09-24,11.7749,tavg
2018-10-01,11.7782,tavg
2018-10-08,15.8105,tavg
2018-10-15,12.858,tavg
2018-10-22,9.6113,tavg
2018-10-29,7.0582,tavg
2018-11-05,10.2579,tavg
2018-11-12,6.0249,tavg
2018-11-19,3.1517,tavg
2018-11-26,6.3771,tavg
2018-12-03,7.5647,tavg
2018-12-10,2.2289,tavg
2018-12-17,6.2557,tavg
2018-12-24,6.1717,tavg
2018-12-31,6.1709,tavg
2019-01-07,5.9363,tavg
2019-01-14,2.0881,tavg
2019-01-21,-0.1786,tavg
2019-01-28,0.8298,tavg
2019-02-04,5.4942,tavg
2019-02-11,6.066,tavg
2019-02-18,6.5606,tavg
2019-02-25,6.9586,tavg
2019-03-04,6.9488,tavg
2019-03-11,6.451,tavg
2019-03-18,7.3039,tavg
2019-03-25,7.7198,tavg
2019-04-01,8.4603,tavg
2019-04-08,5.5559,tavg
2019-04-15,12.3704,tavg
2019-04-22,12.9889,tavg
2019-04-29,8.0396,tavg
2019-05-06,8.6829,tavg
2019-05-13,12.0073,tavg
2019-05-20,13.3703,tavg
2019-05-27,15.5898,tavg
2019-06-03,16.5369,tavg
2019-06-10,16.3484,tavg
2019-06-17,18.359,tavg
2019-06-24,20.1588,tavg
2019-07-01,15.5848,tavg
2019-07-08,15.08,tavg
2019-07-15,17.448,tavg
2019-07-22,24.2634,tavg
2019-07-29,19.0351,tavg
2019-08-05,18.9416,tavg
2019-08-12,16.6029,tavg
2019-08-19,18.1325,tavg
2019-08-26,20.4636,tavg
2019-09-02,14.5956,tavg
2019-09-09,14.5332,tavg
2019-09-16,13.3505,tavg
2019-09-23,15.2211,tavg
2019-09-30,10.8461,tavg
2019-10-07,12.3772,tavg
2019-10-14,12.9236,tavg
2019-10-21,12.5687,tavg
2019-10-28,6.9089,tavg
2019-11-04,6.6243,tavg
2019-11-11,4.8063,tavg
2019-11-18,4.7412,tavg
2019-11-25,5.9634,tavg
2019-12-02,5.8907,tavg
2019-12-09,5.1529,tavg
2019-12-16,7.8604,tavg
2019-12-23,4.0322,tavg
2019-12-30,4.1637,tavg
2020-01-06,7.0019,tavg
2020-01-13,6.9668,tavg
2020-01-20,3.6406,tavg
2020-01-27,7.4122,tavg
2020-02-03,6.0082,tavg
2020-02-10,6.5334,tavg
2020-02-17,6.8614,tavg
2020-02-24,5.0729,tavg
2020-03-02,5.6152,tavg
2020-03-09,7.6985,tavg
2020-03-16,6.502,tavg
2020-03-23,5.0846,tavg
2020-03-30,6.2563,tavg
2020-04-06,10.8653,tavg
2020-04-13,8.0954,tavg
2020-04-20,10.7787,tavg
2020-04-27,10.1192,tavg
2020-05-04,10.5856,tavg
2020-05-11,8.5002,tavg
2020-05-18,14.8905,tavg
2020-05-25,13.6457,tavg
2020-06-01,14.4788,tavg
2020-06-08,16.083,tavg
2020-06-15,17.5355,tavg
2020-06-22,20.0588,tavg
2020-06-29,16.5463,tavg
2020-07-06,13.7959,tavg
2020-07-13,16.8568,tavg
2020-07-20,16.6034,tavg
2020-07-27,17.7831,tavg
2020-08-03,20.5505,tavg
2020-08-10,23.7617,tavg
2020-08-17,19.9496,tavg
2020-08-24,15.7941,tavg
2020-08-31,14.6518,tavg
2020-09-07,15.2591,tavg
2020-09-14,15.4851,tavg
2020-09-21,13.7466,tavg
2020-09-28,13.3298,tavg
2020-10-05,11.1128,tavg
2020-10-12,9.1544,tavg
2020-10-19,12.2095,tavg
2020-10-26,11.7289,tavg
2020-11-02,9.0888,tavg
2020-11-09,9.4838,tavg
2020-11-16,9.0367,tavg
2020-11-23,5.438,tavg
2020-11-30,4.1892,tavg
2020-12-07,3.404,tavg
2020-12-14,7.8787,tavg
2020-12-21,5.4353,tavg
2020-12-28,2.9994,tavg
2021-01-04,1.7469,tavg
2021-01-11,2.0366,tavg
2021-01-18,4.6876,tavg
2021-01-25,0.7402,tavg
2021-02-01,0.3474,tavg
2021-02-08,-4.4922,tavg
2021-02-15,6.9419,tavg
2021-02-22,8.0094,tavg
2021-03-01,3.2556,tavg
2021-03-08,5.242,tavg
2021-03-15,4.3386,tavg
2021-03-22,7.2681,tavg
2021-03-29,8.6025,tavg
2021-04-05,3.8933,tavg
2021-04-12,5.3899,tavg
2021-04-19,7.4296,tavg
2021-04-26,7.7032,tavg
2021-05-03,9.1192,tavg
2021-05-10,11.6075,tavg
2021-05-17,10.8214,tavg
2021-05-24,10.9114,tavg
2021-05-31,17.0253,tavg
2021-06-07,16.9365,tavg
2021-06-14,19.5017,tavg
2021-06-21,15.5504,tavg
2021-06-28,17.5901,tavg
2021-07-05,17.9475,tavg
2021-07-12,19.1872,tavg
2021-07-19,17.8564,tavg
2021-07-26,17.5286,tavg
2021-08-02,16.6484,tavg
2021-08-09,17.6969,tavg
2021-08-16,16.7299,tavg
2021-08-23,16.4509,tavg
2021-08-30,15.5621,tavg
2021-09-06,18.1716,tavg
2021-09-13,15.6556,tavg
2021-09-20,15.4972,tavg
2021-09-27,13.6929,tavg
2021-10-04,11.0539,tavg
2021-10-11,11.1878,tavg
2021-10-18,10.9799,tavg
2021-10-25,11.8615,tavg
2021-11-01,8.4491,tavg
2021-11-08,8.9411,tavg
2021-11-15,8.298,tavg
2021-11-22,4.9578,tavg
2021-11-29,4.2987,tavg
2021-12-06,3.3514,tavg
2021-12-13,7.9992,tavg
2021-12-20,-0.8348,tavg
2021-12-27,8.5123,tavg
2022-01-03,4.534,tavg
2022-01-10,3.984,tavg
2022-01-17,5.0416,tavg
2022-01-24,5.3328,tavg
2022-01-31,5.9244,tavg
2022-02-07,5.5934,tavg
2022-02-14,7.2153,tavg
2022-02-21,4.9728,tavg
2022-02-28,2.9515,tavg
2022-03-07,6.2315,tavg
2022-03-14,7.0739,tavg
2022-03-21,8.3522,tavg
2022-03-28,3.8076,tavg
2022-04-04,6.6076,tavg
2022-04-11,10.0266,tavg
2022-04-18,11.0315,tavg
2022-04-25,7.9246,tavg
2022-05-02,10.1994,tavg
2022-05-09,14.1249,tavg
2022-05-16,15.993,tavg
2022-05-23,13.195,tavg
2022-05-30,13.0048,tavg
2022-06-06,15.2147,tavg
2022-06-13,15.9109,tavg
2022-06-20,17.8623,tavg
2022-06-27,18.0519,tavg
2022-07-04,16.1183,tavg
2022-07-11,16.9242,tavg
2022-07-18,20.553,tavg
2022-07-25,17.3904,tavg
2022-08-01,18.0906,tavg
2022-08-08,20.7447,tavg
2022-08-15,19.8098,tavg
2022-08-22,20.0352,tavg
2022-08-29,18.0678,tavg
2022-09-05,17.8406,tavg
2022-09-12,14.3371,tavg
2022-09-19,11.9883,tavg
2022-09-26,11.0245,tavg
2022-10-03,12.8834,tavg
2022-10-10,11.4496,tavg
2022-10-17,12.7557,tavg
2022-10-24,14.6737,tavg
2022-10-31,11.4031,tavg
2022-11-07,10.425,tavg
2022-11-14,5.3527,tavg
2022-11-21,6.1293,tavg
2022-11-28,4.2906,tavg
2022-12-05,1.8678,tavg
2022-12-12,-2.6628,tavg
2022-12-19,7.1627,tavg
2022-12-26,8.5064,tavg
2023-01-02,8.4846,tavg
2023-01-09,7.3024,tavg
2023-01-16,1.5841,tavg
2023-01-23,2.3557,tavg
2023-01-30,5.996,tavg
2023-02-06,3.3467,tavg
2023-02-13,6.3566,tavg
2023-02-20,5.7304,tavg
2023-02-27,3.2003,tavg
2023-03-06,1.9262,tavg
2023-03-13,8.2223,tavg
2023-03-20,9.0725,tavg
2023-03-27,7.2903,tavg
2023-04-03,6.1409,tavg
2023-04-10,8.3827,tavg
2023-04-17,10.6611,tavg
2023-04-24,7.7811,tavg
2023-05-01,10.9802,tavg
2023-05-08,14.0708,tavg
2023-05-15,12.0287,tavg
2023-05-22,12.2717,tavg
2023-05-29,12.7414,tavg
2023-06-05,16.3844,tavg
2023-06-12,19.1754,tavg
2023-06-19,20.3623,tavg
2023-06-26,17.4376,tavg
2023-07-03,18.2095,tavg
2023-07-10,19.2785,tavg
2023-07-17,16.292,tavg
2023-07-24,16.7883,tavg
2023-07-31,16.4226,tavg
2023-08-07,17.1977,tavg
2023-08-14,18.9732,tavg
2023-08-21,17.8561,tavg
2023-08-28,14.9957,tavg
2023-09-04,20.6947,tavg
2023-09-11,17.2368,tavg
2023-09-18,16.0547,tavg
2023-09-25,16.3823,tavg
2023-10-02,15.6683,tavg
2023-10-09,13.9937,tavg
2023-10-16,9.2111,tavg
2023-10-23,10.6068,tavg
2023-10-30,10.4266,tavg
2023-11-06,8.327,tavg
2023-11-13,7.8222,tavg
2023-11-20,6.6255,tavg
2023-11-27,0.0666,tavg
2023-12-04,3.2421,tavg
2023-12-11,6.8299,tavg
2023-12-18,7.9486,tavg
2023-12-25,7.9377,tavg
1999-12-27,2.4659,prec
2000-01-03,17.405,prec
2000-01-10,1.7904,prec
2000-01-17,11.1241,prec
2000-01-24,29.8651,prec
2000-01-31,10.1035,prec
2000-02-07,24.8119,prec
2000-02-14,20.9548,prec
2000-02-21,9.5101,prec
2000-02-28,35.7655,prec
2000-03-06,22.0984,prec
2000-03-13,14.002,prec
2000-03-20,12.309,prec
2000-03-27,4.9375,prec
2000-04-03,6.9279,prec
2000-04-10,16.8313,prec
2000-04-17,20.8414,prec
2000-04-24,6.2512,prec
2000-05-01,8.5694,prec
2000-05-08,1.789,prec
2000-05-15,27.6927,prec
2000-05-22,35.9533,prec
2000-05-29,26.7038,prec
2000-06-05,17.7718,prec
2000-06-12,8.7752,prec
2000-06-19,21.2764,prec
2000-06-26,4.877,prec
2000-07-03,34.6676,prec
2000-07-10,26.69,prec
2000-07-17,4.2603,prec
2000-07-24,33.6452,prec
2000-07-31,17.3416,prec
2000-08-07,9.6796,prec
2000-08-14,22.188,prec
2000-08-21,21.6025,prec
2000-08-28,21.2294,prec
2000-09-04,19.706,prec
2000-09-11,13.4954,prec
2000-09-18,13.1636,prec
2000-09-25,34.2215,prec
2000-10-02,9.5011,prec
2000-10-09,18.7832,prec
2000-10-16,12.1191,prec
2000-10-23,27.0428,prec
2000-10-30,22.3755,prec
2000-11-06,29.4737,prec
2000-11-13,12.6223,prec
2000-11-20,16.7476,prec
2000-11-27,10.088,prec
2000-12-04,17.5523,prec
2000-12-11,29.6395,prec
2000-12-18,8.9683,prec
2000-12-25,7.9285,prec
2001-01-01,32.2437,prec
2001-01-08,2.4277,prec
2001-01-15,3.7295,prec
2001-01-22,31.3017,prec
2001-01-29,21.4972,prec
2001-02-05,32.9943,prec
2001-02-12,7.8477,prec
2001-02-19,8.8159,prec
2001-02-26,5.287,prec
2001-03-05,13.3782,prec
2001-03-12,33.0411,prec
2001-03-19,17.4633,prec
2001-03-26,13.5181,prec
2001-04-02,23.0921,prec
2001-04-09,18.8864,prec
2001-04-16,19.9015,prec
2001-04-23,25.1212,prec
2001-04-30,8.7457,prec
2001-05-07,0.0277,prec
2001-05-14,26.7752,prec
2001-05-21,1.911,prec
2001-05-28,26.7042,prec
2001-06-04,14.4428,prec
2001-06-11,30.3548,prec
2001-06-18,8.1197,prec
2001-06-25,13.6584,prec
2001-07-02,4.4859,prec
2001-07-09,32.827,prec
2001-07-16,33.5525,prec
2001-07-23,11.7433,prec
2001-07-30,23.1767,prec
2001-08-06,59.2169,prec
2001-08-13,7.7211,prec
2001-08-20,7.0629,prec
2001-08-27,15.8437,prec
2001-09-03,61.7706,prec
2001-09-10,33.7659,prec
2001-09-17,44.8488,prec
2001-09-24,26.9155,prec
2001-10-01,25.3705,prec
2001-10-08,5.4492,prec
2001-10-15,8.9601,prec
2001-10-22,23.395,prec
2001-10-29,8.2542,prec
2001-11-05,31.1741,prec
2001-11-12,8.1152,prec
2001-11-19,17.3132,prec
2001-11-26,27.6797,prec
2001-12-03,20.6202,prec
2001-12-10,0.7604,prec
2001-12-17,25.6746,prec
2001-12-24,36.4942,prec
2001-12-31,2.4367,prec
2002-01-07,2.9081,prec
2002-01-14,19.561,prec
2002-01-21,26.0432,prec
2002-01-28,12.4557,prec
2002-02-04,31.4994,prec
2002-02-11,16.3516,prec
2002-02-18,48.5,prec
2002-02-25,31.904,prec
2002-03-04,9.7986,prec
2002-03-11,7.0353,prec
2002-03-18,16.172,prec
2002-03-25,0.3077,prec
2002-04-01,0.0793,prec
2002-04-08,4.7279,prec
2002-04-15,15.4757,prec
2002-04-22,29.6777,prec
2002-04-29,35.0578,prec
2002-05-06,6.7811,prec
2002-05-13,8.6812,prec
2002-05-20,17.2133,prec
2002-05-27,11.1622,prec
2002-06-03,30.7152,prec
2002-06-10,23.8792,prec
2002-06-17,20.6484,prec
2002-06-24,25.8565,prec
2002-07-01,39.2779,prec
2002-07-08,37.8655,prec
2002-07-15,17.6048,prec
2002-07-22,9.5042,prec
2002-07-29,37.5171,prec
2002-08-05,33.0936,prec
2002-08-12,3.6538,prec
2002-08-19,38.0194,prec
2002-08-26,4.0897,prec
2002-09-02,5.8971,prec
2002-09-09,22.223,prec
2002-09-16,12.4867,prec
2002-09-23,6.4572,prec
2002-09-30,16.8961,prec
2002-10-07,5.8747,prec
2002-10-14,20.8335,prec
2002-10-21,46.259,prec
2002-10-28,25.7275,prec
2002-11-04,27.2609,prec
2002-11-11,16.1991,prec
2002-11-18,5.9115,prec
2002-11-25,17.0121,prec
2002-12-02,1.4363,prec
2002-12-09,0.5061,prec
2002-12-16,19.4208,prec
2002-12-23,31.0673,prec
2002-12-30,39.8544,prec
2003-01-06,2.3398,prec
2003-01-13,10.7441,prec
2003-01-20,14.7359,prec
2003-01-27,22.1926,prec
2003-02-03,10.5533,prec
2003-02-10,0.2636,prec
2003-02-17,0.0341,prec
2003-02-24,10.0393,prec
2003-03-03,18.7288,prec
2003-03-10,3.1021,prec
2003-03-17,0.2614,prec
2003-03-24,0.4802,prec
2003-03-31,14.5897,prec
2003-04-07,3.1795,prec
2003-04-14,0.4437,prec
2003-04-21,28.5808,prec
2003-04-28,25.8072,prec
2003-05-05,9.9475,prec
2003-05-12,27.8846,prec
2003-05-19,44.0806,prec
2003-05-26,0.5949,prec
2003-06-02,19.9751,prec
2003-06-09,2.2568,prec
2003-06-16,15.0349,prec
2003-06-23,10.6541,prec
2003-06-30,38.491,prec
2003-07-07,3.3465,prec
2003-07-14,11.876,prec
2003-07-21,22.9205,prec
2003-07-28,6.2307,prec
2003-08-04,0.0,prec
2003-08-11,3.0906,prec
2003-08-18,7.6832,prec
2003-08-25,14.0799,prec
2003-09-01,6.2262,prec
2003-09-08,45.8674,prec
2003-09-15,0.0607,prec
2003-09-22,25.9432,prec
2003-09-29,9.4804,prec
2003-10-06,34.0089,prec
2003-10-13,0.0876,prec
2003-10-20,10.2117,prec
2003-10-27,15.2675,prec
2003-11-03,4.1261,prec
2003-11-10,5.5083,prec
2003-11-17,14.5698,prec
2003-11-24,13.409,prec
2003-12-01,3.5386,prec
2003-12-08,27.8466,prec
2003-12-15,17.691,prec
2003-12-22,21.7111,prec
2003-12-29,7.2976,prec
2004-01-05,23.5664,prec
2004-01-12,33.3782,prec
2004-01-19,22.8047,prec
2004-01-26,40.7172,prec
2004-02-02,35.4233,prec
2004-02-09,13.8639,prec
2004-02-16,1.072,prec
2004-02-23,9.7705,prec
2004-03-01,1.5537,prec
2004-03-08,8.4042,prec
2004-03-15,27.2256,prec
2004-03-22,9.8346,prec
2004-03-29,8.095,prec
2004-04-05,30.1384,prec
2004-04-12,1.6193,prec
2004-04-19,3.1728,prec
2004-04-26,11.957,prec
2004-05-03,18.259,prec
2004-05-10,1.7649,prec
2004-05-17,3.8064,prec
2004-05-24,3.8284,prec
2004-05-31,10.7754,prec
2004-06-07,9.5214,prec
2004-06-14,20.4538,prec
2004-06-21,53.7647,prec
2004-06-28,43.8717,prec
2004-07-05,30.1214,prec
2004-07-12,27.3675,prec
2004-07-19,18.3624,prec
2004-07-26,3.3054,prec
2004-08-02,0.5402,prec
2004-08-09,53.416,prec
2004-08-16,44.9441,prec
2004-08-23,33.8597,prec
2004-08-30,23.6096,prec
2004-09-06,3.1142,prec
2004-09-13,18.2969,prec
2004-09-20,44.6259,prec
2004-09-27,19.2041,prec
2004-10-04,5.9604,prec
2004-10-11,8.2468,prec
2004-10-18,34.9979,prec
2004-10-25,12.4891,prec
2004-11-01,9.113,prec
2004-11-08,17.6599,prec
2004-11-15,30.2988,prec
2004-11-22,10.9175,prec
2004-11-29,6.0937,prec
2004-12-06,0.7738,prec
2004-12-13,15.7197,prec
2004-12-20,14.9865,prec
2004-12-27,14.4233,prec
2005-01-03,10.0369,prec
2005-01-10,7.3507,prec
2005-01-17,25.0453,prec
2005-01-24,3.6311,prec
2005-01-31,6.906,prec
2005-02-07,28.9072,prec
2005-02-14,10.605,prec
2005-02-21,10.5226,prec
2005-02-28,14.0943,prec
2005-03-07,13.7372,prec
2005-03-14,3.6481,prec
2005-03-21,10.5355,prec
2005-03-28,3.7947,prec
2005-04-04,18.8462,prec
2005-04-11,11.7234,prec
2005-04-18,11.7286,prec
2005-04-25,20.5399,prec
2005-05-02,46.9793,prec
2005-05-09,25.0654,prec
2005-05-16,21.0977,prec
2005-05-23,2.4266,prec
2005-05-30,38.9107,prec
2005-06-06,13.2976,prec
2005-06-13,2.9934,prec
2005-06-20,5.4173,prec
2005-06-27,15.1773,prec
2005-07-04,33.0906,prec
2005-07-11,6.4504,prec
2005-07-18,23.857,prec
2005-07-25,50.6957,prec
2005-08-01,37.8702,prec
2005-08-08,18.9052,prec
2005-08-15,6.0709,prec
2005-08-22,18.1673,prec
2005-08-29,2.3393,prec
2005-09-05,1.3509,prec
2005-09-12,19.4919,prec
2005-09-19,1.2081,prec
2005-09-26,27.362,prec
2005-10-03,0.5755,prec
2005-10-10,0.6973,prec
2005-10-17,13.598,prec
2005-10-24,30.4323,prec
2005-10-31,11.4603,prec
2005-11-07,5.1422,prec
2005-11-14,14.3821,prec
2005-11-21,19.1375,prec
2005-11-28,6.3025,prec
2005-12-05,9.7344,prec
2005-12-12,17.4154,prec
2005-12-19,8.1872,prec
2005-12-26,11.472,prec
2006-01-02,1.8466,prec
2006-01-09,2.7988,prec
2006-01-16,18.8484,prec
2006-01-23,2.6277,prec
2006-01-30,2.0602,prec
2006-02-06,15.299,prec
2006-02-13,19.3739,prec
2006-02-20,1.7558,prec
2006-02-27,17.9969,prec
2006-03-06,21.0469,prec
2006-03-13,0.5678,prec
2006-03-20,17.8953,prec
2006-03-27,36.5861,prec
2006-04-03,17.8393,prec
2006-04-10,17.0491,prec
2006-04-17,15.307,prec
2006-04-24,11.2651,prec
2006-05-01,3.3487,prec
2006-05-08,0.4171,prec
2006-05-15,40.526,prec
2006-05-22,30.1266,prec
2006-05-29,11.1264,prec
2006-06-05,0.4326,prec
2006-06-12,11.868,prec
2006-06-19,17.9561,prec
2006-06-26,4.8073,prec
2006-07-03,21.3596,prec
2006-07-10,4.6341,prec
2006-07-17,7.4932,prec
2006-07-24,12.7284,prec
2006-07-31,31.9043,prec
2006-08-07,23.5566,prec
2006-08-14,56.3437,prec
2006-08-21,39.4407,prec
2006-08-28,35.0632,prec
2006-09-04,6.9052,prec
2006-09-11,0.7479,prec
2006-09-18,1.6125,prec
2006-09-25,15.4386,prec
2006-10-02,29.0444,prec
2006-10-09,8.2885,prec
2006-10-16,12.4295,prec
2006-10-23,32.1582,prec
2006-10-30,15.7997,prec
2006-11-06,15.9845,prec
2006-11-13,13.5763,prec
2006-11-20,27.6976,prec
2006-11-27,11.6895,prec
2006-12-04,30.2588,prec
2006-12-11,18.8997,prec
2006-12-18,1.389,prec
2006-12-25,22.2153,prec
2007-01-01,27.1402,prec
2007-01-08,31.0673,prec
2007-01-15,53.4021,prec
2007-01-22,11.3699,prec
2007-01-29,1.8575,prec
2007-02-05,22.9549,prec
2007-02-12,20.1076,prec
2007-02-19,29.9068,prec
2007-02-26,35.4546,prec
2007-03-05,25.1817,prec
2007-03-12,10.616,prec
2007-03-19,8.995,prec
2007-03-26,5.0338,prec
2007-04-02,0.8079,prec
2007-04-09,0.785,prec
2007-04-16,0.6355,prec
2007-04-23,2.2464,prec
2007-04-30,5.0465,prec
2007-05-07,56.8632,prec
2007-05-14,24.5261,prec
2007-05-21,20.7506,prec
2007-05-28,12.7482,prec
2007-06-04,10.0238,prec
2007-06-11,39.6705,prec
2007-06-18,42.288,prec
2007-06-25,51.9722,prec
2007-07-02,49.0494,prec
2007-07-09,26.0296,prec
2007-07-16,33.3023,prec
2007-07-23,39.8413,prec
2007-07-30,6.0802,prec
2007-08-06,22.0101,prec
2007-08-13,24.0547,prec
2007-08-20,21.8692,prec
2007-08-27,15.0364,prec
2007-09-03,7.9478,prec
2007-09-10,8.7297,prec
2007-09-17,16.3859,prec
2007-09-24,38.5339,prec
2007-10-01,9.2509,prec
2007-10-08,0.4917,prec
2007-10-15,17.4048,prec
2007-10-22,3.8301,prec
2007-10-29,11.5049,prec
2007-11-05,38.8621,prec
2007-11-12,12.3169,prec
2007-11-19,11.3622,prec
2007-11-26,25.1921,prec
2007-12-03,47.1476,prec
2007-12-10,2.2871,prec
2007-12-17,1.7418,prec
2007-12-24,3.4526,prec
2007-12-31,8.2095,prec
2008-01-07,19.555,prec
2008-01-14,44.05,prec
2008-01-21,39.7362,prec
2008-01-28,15.9855,prec
2008-02-04,15.9196,prec
2008-02-11,0.6233,prec
2008-02-18,6.5429,prec
2008-02-25,33.5548,prec
2008-03-03,12.7283,prec
2008-03-10,31.0373,prec
2008-03-17,26.715,prec
2008-03-24,24.4939,prec
2008-03-31,19.1022,prec
2008-04-07,6.6484,prec
2008-04-14,4.4214,prec
2008-04-21,4.9563,prec
2008-04-28,23.0365,prec
2008-05-05,0.0,prec
2008-05-12,6.6854,prec
2008-05-19,8.8519,prec
2008-05-26,16.6626,prec
2008-06-02,12.9426,prec
2008-06-09,13.1006,prec
2008-06-16,12.1156,prec
2008-06-23,8.9984,prec
2008-06-30,25.8749,prec
2008-07-07,37.7262,prec
2008-07-14,37.2256,prec
2008-07-21,18.0441,prec
2008-07-28,24.5027,prec
2008-08-04,50.6309,prec
2008-08-11,11.9878,prec
2008-08-18,36.9396,prec
2008-08-25,4.7181,prec
2008-09-01,29.3724,prec
2008-09-08,8.0152,prec
2008-09-15,1.2096,prec
2008-09-22,6.545,prec
2008-09-29,79.6509,prec
2008-10-06,2.7168,prec
2008-10-13,12.9823,prec
2008-10-20,15.94,prec
2008-10-27,10.6441,prec
2008-11-03,9.2623,prec
2008-11-10,37.9065,prec
2008-11-17,17.9834,prec
2008-11-24,7.386,prec
2008-12-01,9.9736,prec
2008-12-08,6.6427,prec
2008-12-15,7.3908,prec
2008-12-22,0.8844,prec
2008-12-29,9.3548,prec
2009-01-05,1.4722,prec
2009-01-12,14.2883,prec
2009-01-19,26.4058,prec
2009-01-26,0.4928,prec
2009-02-02,6.9527,prec
2009-02-09,32.9451,prec
2009-02-16,13.7291,prec
2009-02-23,12.9677,prec
2009-03-02,17.9268,prec
2009-03-09,17.2704,prec
2009-03-16,0.8718,prec
2009-03-23,32.0869,prec
2009-03-30,0.1817,prec
2009-04-06,5.6943,prec
2009-04-13,0.5795,prec
2009-04-20,2.3313,prec
2009-04-27,14.0289,prec
2009-05-04,14.6858,prec
2009-05-11,21.2793,prec
2009-05-18,9.0212,prec
2009-05-25,8.8983,prec
2009-06-01,15.256,prec
2009-06-08,42.878,prec
2009-06-15,18.365,prec
2009-06-22,5.5012,prec
2009-06-29,3.5475,prec
2009-07-06,45.5814,prec
2009-07-13,14.4111,prec
2009-07-20,33.6741,prec
2009-07-27,29.9227,prec
2009-08-03,14.954,prec
2009-08-10,6.3512,prec
2009-08-17,15.1593,prec
2009-08-24,28.3499,prec
2009-08-31,25.0034,prec
2009-09-07,3.1807,prec
2009-09-14,2.0244,prec
2009-09-21,2.2446,prec
2009-09-28,14.7141,prec
2009-10-05,35.4611,prec
2009-10-12,4.0983,prec
2009-10-19,5.3915,prec
2009-10-26,19.712,prec
2009-11-02,19.2104,prec
2009-11-09,32.223,prec
2009-11-16,24.3524,prec
2009-11-23,27.7579,prec
2009-11-30,24.1005,prec
2009-12-07,15.9528,prec
2009-12-14,12.6169,prec
2009-12-21,22.7401,prec
2009-12-28,10.0059,prec
2010-01-04,10.5131,prec
2010-01-11,8.6139,prec
2010-01-18,4.2899,prec
2010-01-25,18.5714,prec
2010-02-01,21.3283,prec
2010-02-08,5.4002,prec
2010-02-15,10.3835,prec
2010-02-22,48.202,prec
2010-03-01,10.391,prec
2010-03-08,6.5923,prec
2010-03-15,21.8469,prec
2010-03-22,8.9884,prec
2010-03-29,29.6698,prec
2010-04-05,2.45,prec
2010-04-12,0.1129,prec
2010-04-19,3.9696,prec
2010-04-26,27.4398,prec
2010-05-03,14.4773,prec
2010-05-10,25.0999,prec
2010-05-17,1.9478,prec
2010-05-24,15.4594,prec
2010-05-31,4.5459,prec
2010-06-07,22.0462,prec
2010-06-14,3.128,prec
2010-06-21,0.5813,prec
2010-06-28,7.0941,prec
2010-07-05,7.6443,prec
2010-07-12,25.912,prec
2010-07-19,3.8284,prec
2010-07-26,19.6676,prec
2010-08-02,28.352,prec
2010-08-09,20.1283,prec
2010-08-16,21.0507,prec
2010-08-23,89.3551,prec
2010-08-30,10.7401,prec
2010-09-06,17.2754,prec
2010-09-13,44.3656,prec
2010-09-20,19.8939,prec
2010-09-27,21.0707,prec
2010-10-04,2.8848,prec
2010-10-11,12.117,prec
2010-10-18,37.4379,prec
2010-10-25,11.8504,prec
2010-11-01,31.7709,prec
2010-11-08,30.2654,prec
2010-11-15,3.6824,prec
2010-11-22,7.2421,prec
2010-11-29,10.0862,prec
2010-12-06,13.8118,prec
2010-12-13,11.657,prec
2010-12-20,9.3062,prec
2010-12-27,1.9859,prec
2011-01-03,19.0141,prec
2011-01-10,19.7922,prec
2011-01-17,7.9461,prec
2011-01-24,5.2385,prec
2011-01-31,13.8505,prec
2011-02-07,13.0309,prec
2011-02-14,11.867,prec
2011-02-21,10.3401,prec
2011-02-28,0.6138,prec
2011-03-07,4.0632,prec
2011-03-14,2.6216,prec
2011-03-21,0.3737,prec
2011-03-28,8.0929,prec
2011-04-04,2.0717,prec
2011-04-11,6.5782,prec
2011-04-18,0.0245,prec
2011-04-25,1.8697,prec
2011-05-02,0.8739,prec
2011-05-09,12.0092,prec
2011-05-16,20.1504,prec
2011-05-23,11.3441,prec
2011-05-30,12.649,prec
2011-06-06,19.6338,prec
2011-06-13,41.2834,prec
2011-06-20,25.8783,prec
2011-06-27,14.38,prec
2011-07-04,9.0958,prec
2011-07-11,51.2254,prec
2011-07-18,27.9426,prec
2011-07-25,12.0146,prec
2011-08-01,38.468,prec
2011-08-08,50.842,prec
2011-08-15,22.9785,prec
2011-08-22,36.8235,prec
2011-08-29,12.9776,prec
2011-09-05,54.0938,prec
2011-09-12,21.5104,prec
2011-09-19,2.9211,prec
2011-09-26,0.453,prec
2011-10-03,30.2905,prec
2011-10-10,13.7105,prec
2011-10-17,14.2264,prec
2011-10-24,4.2693,prec
2011-10-31,4.1443,prec
2011-11-07,0.6706,prec
2011-11-14,0.4522,prec
2011-11-21,5.2824,prec
2011-11-28,32.1325,prec
2011-12-05,32.0933,prec
2011-12-12,36.3275,prec
2011-12-19,21.193,prec
2011-12-26,31.2343,prec
2012-01-02,42.5528,prec
2012-01-09,4.8097,prec
2012-01-16,27.7664,prec
2012-01-23,10.6049,prec
2012-01-30,1.8412,prec
2012-02-06,2.1545,prec
2012-02-13,14.2126,prec
2012-02-20,4.6288,prec
2012-02-27,4.8102,prec
2012-03-05,13.3402,prec
2012-03-12,3.4015,prec
2012-03-19,0.3666,prec
2012-03-26,1.8261,prec
2012-04-02,8.2289,prec
2012-04-09,23.9443,prec
2012-04-16,22.8483,prec
2012-04-23,29.3541,prec
2012-04-30,5.8781,prec
2012-05-07,39.35,prec
2012-05-14,11.8598,prec
2012-05-21,0.1953,prec
2012-05-28,18.8931,prec
2012-06-04,23.1629,prec
2012-06-11,23.1919,prec
2012-06-18,47.0859,prec
2012-06-25,15.5247,prec
2012-07-02,24.5776,prec
2012-07-09,38.7312,prec
2012-07-16,33.1631,prec
2012-07-23,18.521,prec
2012-07-30,45.8435,prec
2012-08-06,24.1177,prec
2012-08-13,4.468,prec
2012-08-20,22.978,prec
2012-08-27,18.4585,prec
2012-09-03,1.0618,prec
2012-09-10,7.4047,prec
2012-09-17,25.4353,prec
2012-09-24,34.8227,prec
2012-10-01,48.0071,prec
2012-10-08,24.6531,prec
2012-10-15,19.295,prec
2012-10-22,5.4082,prec
2012-10-29,24.5241,prec
2012-11-05,12.728,prec
2012-11-12,3.4541,prec
2012-11-19,9.5695,prec
2012-11-26,14.7204,prec
2012-12-03,20.2426,prec
2012-12-10,18.0325,prec
2012-12-17,32.7207,prec
2012-12-24,26.2524,prec
2012-12-31,15.0781,prec
2013-01-07,10.4467,prec
2013-01-14,3.4125,prec
2013-01-21,16.3644,prec
2013-01-28,31.5394,prec
2013-02-04,15.878,prec
2013-02-11,4.7798,prec
2013-02-18,6.6512,prec
2013-02-25,0.8824,prec
2013-03-04,19.5345,prec
2013-03-11,6.8867,prec
2013-03-18,4.9229,prec
2013-03-25,3.2646,prec
2013-04-01,0.0856,prec
2013-04-08,16.1058,prec
2013-04-15,6.2131,prec
2013-04-22,8.4339,prec
2013-04-29,1.4065,prec
2013-05-06,19.7392,prec
2013-05-13,27.185,prec
2013-05-20,14.8539,prec
2013-05-27,7.038,prec
2013-06-03,0.152,prec
2013-06-10,17.4818,prec
2013-06-17,50.0514,prec
2013-06-24,24.2925,prec
2013-07-01,8.7227,prec
2013-07-08,1.1734,prec
2013-07-15,0.0847,prec
2013-07-22,22.1649,prec
2013-07-29,15.6156,prec
2013-08-05,24.6562,prec
2013-08-12,20.9636,prec
2013-08-19,23.1661,prec
2013-08-26,5.1711,prec
2013-09-02,43.0326,prec
2013-09-09,45.4646,prec
2013-09-16,17.8712,prec
2013-09-23,4.8227,prec
2013-09-30,3.4236,prec
2013-10-07,35.0049,prec
2013-10-14,22.0133,prec
2013-10-21,16.3734,prec
2013-10-28,28.5755,prec
2013-11-04,48.8112,prec
2013-11-11,4.7959,prec
2013-11-18,6.3564,prec
2013-11-25,8.2422,prec
2013-12-02,11.3851,prec
2013-12-09,6.5079,prec
2013-12-16,19.8941,prec
2013-12-23,30.0406,prec
2013-12-30,13.8347,prec
2014-01-06,27.9464,prec
2014-01-13,18.409,prec
2014-01-20,21.2521,prec
2014-01-27,8.173,prec
2014-02-03,26.3756,prec
2014-02-10,16.1093,prec
2014-02-17,11.6058,prec
2014-02-24,5.745,prec
2014-03-03,0.272,prec
2014-03-10,1.7409,prec
2014-03-17,23.5579,prec
2014-03-24,3.3215,prec
2014-03-31,14.4943,prec
2014-04-07,21.4539,prec
2014-04-14,10.0538,prec
2014-04-21,34.574,prec
2014-04-28,12.3857,prec
2014-05-05,50.6528,prec
2014-05-12,11.7322,prec
2014-05-19,22.1758,prec
2014-05-26,29.2591,prec
2014-06-02,16.3947,prec
2014-06-09,15.7978,prec
2014-06-16,6.7779,prec
2014-06-23,19.6158,prec
2014-06-30,16.9966,prec
2014-07-07,16.0033,prec
2014-07-14,5.6669,prec
2014-07-21,38.4263,prec
2014-07-28,1.8885,prec
2014-08-04,32.0011,prec
2014-08-11,25.8465,prec
2014-08-18,44.0014,prec
2014-08-25,15.3553,prec
2014-09-01,6.7211,prec
2014-09-08,2.798,prec
2014-09-15,7.7071,prec
2014-09-22,11.8817,prec
2014-09-29,10.3881,prec
2014-10-06,21.2105,prec
2014-10-13,17.3495,prec
2014-10-20,23.8198,prec
2014-10-27,3.5466,prec
2014-11-03,16.3,prec
2014-11-10,27.7179,prec
2014-11-17,5.0931,prec
2014-11-24,4.6308,prec
2014-12-01,5.1572,prec
2014-12-08,28.9121,prec
2014-12-15,29.2159,prec
2014-12-22,11.0526,prec
2014-12-29,6.9556,prec
2015-01-05,19.7173,prec
2015-01-12,45.7947,prec
2015-01-19,9.6655,prec
2015-01-26,20.3591,prec
2015-02-02,2.6789,prec
2015-02-09,1.9989,prec
2015-02-16,21.1823,prec
2015-02-23,29.4292,prec
2015-03-02,11.1436,prec
2015-03-09,2.2506,prec
2015-03-16,6.943,prec
2015-03-23,30.7393,prec
2015-03-30,25.5695,prec
2015-04-06,5.6151,prec
2015-04-13,0.4051,prec
2015-04-20,10.7639,prec
2015-04-27,15.1163,prec
2015-05-04,28.5936,prec
2015-05-11,2.7096,prec
2015-05-18,12.2453,prec
2015-05-25,19.5398,prec
2015-06-01,3.3481,prec
2015-06-08,2.0452,prec
2015-06-15,14.6923,prec
2015-06-22,18.4016,prec
2015-06-29,13.1974,prec
2015-07-06,14.1906,prec
2015-07-13,29.4388,prec
2015-07-20,32.5283,prec
2015-07-27,38.1545,prec
2015-08-03,13.9189,prec
2015-08-10,29.2076,prec
2015-08-17,18.3468,prec
2015-08-24,23.6252,prec
2015-08-31,22.2301,prec
2015-09-07,11.656,prec
2015-09-14,35.389,prec
2015-09-21,11.6926,prec
2015-09-28,0.4388,prec
2015-10-05,12.6481,prec
2015-10-12,25.3021,prec
2015-10-19,1.8021,prec
2015-10-26,0.8004,prec
2015-11-02,22.5734,prec
2015-11-09,37.4247,prec
2015-11-16,32.4976,prec
2015-11-23,28.1602,prec
2015-11-30,17.3023,prec
2015-12-07,25.4815,prec
2015-12-14,6.2493,prec
2015-12-21,13.4732,prec
2015-12-28,13.4081,prec
2016-01-04,23.4161,prec
2016-01-11,15.6607,prec
2016-01-18,8.7801,prec
2016-01-25,27.6217,prec
2016-02-01,12.9119,prec
2016-02-08,43.5457,prec
2016-02-15,17.8957,prec
2016-02-22,11.9249,prec
2016-02-29,26.1744,prec
2016-03-07,3.0679,prec
2016-03-14,1.3696,prec
2016-03-21,17.3399,prec
2016-03-28,13.2284,prec
2016-04-04,18.8796,prec
2016-04-11,26.6478,prec
2016-04-18,5.7532,prec
2016-04-25,30.9919,prec
2016-05-02,2.4354,prec
2016-05-09,5.5722,prec
2016-05-16,10.5039,prec
2016-05-23,24.4818,prec
2016-05-30,12.2479,prec
2016-06-06,4.832,prec
2016-06-13,48.4117,prec
2016-06-20,57.682,prec
2016-06-27,35.2773,prec
2016-07-04,16.4504,prec
2016-07-11,17.2253,prec
2016-07-18,5.1336,prec
2016-07-25,21.087,prec
2016-08-01,12.7462,prec
2016-08-08,16.2121,prec
2016-08-15,8.1371,prec
2016-08-22,13.9981,prec
2016-08-29,18.2904,prec
2016-09-05,0.5744,prec
2016-09-12,2.167,prec
2016-09-19,0.8674,prec
2016-09-26,8.8349,prec
2016-10-03,2.6735,prec
2016-10-10,5.7351,prec
2016-10-17,22.1232,prec
2016-10-24,1.2469,prec
2016-10-31,13.183,prec
2016-11-07,7.5363,prec
2016-11-14,26.6102,prec
2016-11-21,7.1648,prec
2016-11-28,0.8042,prec
2016-12-05,18.1134,prec
2016-12-12,1.8446,prec
2016-12-19,8.1098,prec
2016-12-26,5.3272,prec
2017-01-02,11.2398,prec
2017-01-09,34.0825,prec
2017-01-16,0.363,prec
2017-01-23,2.0121,prec
2017-01-30,18.9295,prec
2017-02-06,3.867,prec
2017-02-13,4.8301,prec
2017-02-20,29.2461,prec
2017-02-27,30.495,prec
2017-03-06,14.3186,prec
2017-03-13,20.1788,prec
2017-03-20,5.9757,prec
2017-03-27,8.7914,prec
2017-04-03,0.8967,prec
2017-04-10,17.9726,prec
2017-04-17,7.5999,prec
2017-04-24,15.2228,prec
2017-05-01,10.4321,prec
2017-05-08,16.8549,prec
2017-05-15,11.3441,prec
2017-05-22,0.3351,prec
2017-05-29,5.2459,prec
2017-06-05,35.3776,prec
2017-06-12,3.511,prec
2017-06-19,16.1131,prec
2017-06-26,56.9993,prec
2017-07-03,7.9555,prec
2017-07-10,29.8174,prec
2017-07-17,50.2832,prec
2017-07-24,45.1446,prec
2017-07-31,15.3057,prec
2017-08-07,18.4965,prec
2017-08-14,31.8697,prec
2017-08-21,1.8407,prec
2017-08-28,26.0381,prec
2017-09-04,42.8046,prec
2017-09-11,35.2055,prec
2017-09-18,7.1784,prec
2017-09-25,17.4537,prec
2017-10-02,33.2127,prec
2017-10-09,6.5325,prec
2017-10-16,16.8404,prec
2017-10-23,14.1583,prec
2017-10-30,9.6151,prec
2017-11-06,8.6076,prec
2017-11-13,13.9561,prec
2017-11-20,27.3161,prec
2017-11-27,20.0646,prec
2017-12-04,26.7247,prec
2017-12-11,32.3215,prec
2017-12-18,4.3542,prec
2017-12-25,29.0517,prec
2018-01-01,31.6348,prec
2018-01-08,5.2527,prec
2018-01-15,32.8577,prec
2018-01-22,13.1682,prec
2018-01-29,19.6619,prec
2018-02-05,4.1696,prec
2018-02-12,5.1999,prec
2018-02-19,0.4972,prec
2018-02-26,3.9246,prec
2018-03-05,15.8082,prec
2018-03-12,5.8839,prec
2018-03-19,4.7513,prec
2018-03-26,25.2261,prec
2018-04-02,19.1719,prec
2018-04-09,12.1114,prec
2018-04-16,8.7754,prec
2018-04-23,29.302,prec
2018-04-30,20.7461,prec
2018-05-07,17.6832,prec
2018-05-14,0.8782,prec
2018-05-21,4.3771,prec
2018-05-28,35.1782,prec
2018-06-04,3.9976,prec
2018-06-11,4.8311,prec
2018-06-18,14.0464,prec
2018-06-25,0.1362,prec
2018-07-02,0.4301,prec
2018-07-09,3.1851,prec
2018-07-16,2.3593,prec
2018-07-23,3.8807,prec
2018-07-30,1.3468,prec
2018-08-06,16.2547,prec
2018-08-13,19.8151,prec
2018-08-20,21.4062,prec
2018-08-27,9.0556,prec
2018-09-03,14.4424,prec
2018-09-10,4.5828,prec
2018-09-17,19.954,prec
2018-09-24,3.4792,prec
2018-10-01,9.3697,prec
2018-10-08,0.4715,prec
2018-10-15,0.4841,prec
2018-10-22,9.3059,prec
2018-10-29,15.1246,prec
2018-11-05,9.9756,prec
2018-11-12,3.117,prec
2018-11-19,1.6352,prec
2018-11-26,17.7748,prec
2018-12-03,36.3842,prec
2018-12-10,4.5352,prec
2018-12-17,33.7111,prec
2018-12-24,4.9984,prec
2018-12-31,4.7076,prec
2019-01-07,22.15,prec
2019-01-14,6.7581,prec
2019-01-21,20.6211,prec
2019-01-28,7.663,prec
2019-02-04,37.4018,prec
2019-02-11,0.7793,prec
2019-02-18,2.5276,prec
2019-02-25,9.8538,prec
2019-03-04,46.1431,prec
2019-03-11,41.8092,prec
2019-03-18,4.203,prec
2019-03-25,4.8339,prec
2019-04-01,15.9514,prec
2019-04-08,3.6547,prec
2019-04-15,0.0,prec
2019-04-22,20.842,prec
2019-04-29,7.6249,prec
2019-05-06,18.0778,prec
2019-05-13,6.8693,prec
2019-05-20,8.7544,prec
2019-05-27,5.7287,prec
2019-06-03,13.2941,prec
2019-06-10,33.9463,prec
2019-06-17,17.983,prec
2019-06-24,0.0453,prec
2019-07-01,6.7875,prec
2019-07-08,18.4366,prec
2019-07-15,19.7038,prec
2019-07-22,0.6472,prec
2019-07-29,17.1835,prec
2019-08-05,16.3108,prec
2019-08-12,36.5845,prec
2019-08-19,2.3709,prec
2019-08-26,11.0623,prec
2019-09-02,18.7629,prec
2019-09-09,7.9465,prec
2019-09-16,2.7772,prec
2019-09-23,74.6757,prec
2019-09-30,45.0799,prec
2019-10-07,46.4269,prec
2019-10-14,25.5805,prec
2019-10-21,10.0317,prec
2019-10-28,25.1111,prec
2019-11-04,14.2944,prec
2019-11-11,7.8866,prec
2019-11-18,17.4931,prec
2019-11-25,18.3266,prec
2019-12-02,17.4375,prec
2019-12-09,15.2605,prec
2019-12-16,11.7318,prec
2019-12-23,8.9633,prec
2019-12-30,9.2693,prec
2020-01-06,13.7307,prec
2020-01-13,15.7151,prec
2020-01-20,1.0952,prec
2020-01-27,33.7073,prec
2020-02-03,24.1498,prec
2020-02-10,35.6803,prec
2020-02-17,40.2549,prec
2020-02-24,36.0696,prec
2020-03-02,23.164,prec
2020-03-09,23.2573,prec
2020-03-16,1.0538,prec
2020-03-23,0.2565,prec
2020-03-30,5.2219,prec
2020-04-06,0.902,prec
2020-04-13,0.5612,prec
2020-04-20,0.0381,prec
2020-04-27,24.2504,prec
2020-05-04,0.4451,prec
2020-05-11,5.4692,prec
2020-05-18,10.8761,prec
2020-05-25,0.046,prec
2020-06-01,20.9656,prec
2020-06-08,33.2796,prec
2020-06-15,17.2345,prec
2020-06-22,12.6156,prec
2020-06-29,22.487,prec
2020-07-06,48.4833,prec
2020-07-13,11.9564,prec
2020-07-20,23.3665,prec
2020-07-27,5.4039,prec
2020-08-03,7.9706,prec
2020-08-10,21.0819,prec
2020-08-17,23.8387,prec
2020-08-24,45.3457,prec
2020-08-31,28.2162,prec
2020-09-07,3.3342,prec
2020-09-14,0.0017,prec
2020-09-21,20.5001,prec
2020-09-28,19.0759,prec
2020-10-05,38.8654,prec
2020-10-12,1.744,prec
2020-10-19,20.2104,prec
2020-10-26,24.8884,prec
2020-11-02,1.9007,prec
2020-11-09,18.3556,prec
2020-11-16,9.1004,prec
2020-11-23,3.3139,prec
2020-11-30,24.3944,prec
2020-12-07,10.5986,prec
2020-12-14,13.5414,prec
2020-12-21,57.1941,prec
2020-12-28,12.461,prec
2021-01-04,10.2118,prec
2021-01-11,19.6514,prec
2021-01-18,27.2025,prec
2021-01-25,23.4137,prec
2021-02-01,33.0259,prec
2021-02-08,3.66,prec
2021-02-15,19.0123,prec
2021-02-22,0.858,prec
2021-03-01,1.7048,prec
2021-03-08,46.6181,prec
2021-03-15,5.7246,prec
2021-03-22,10.9237,prec
2021-03-29,1.7591,prec
2021-04-05,29.3467,prec
2021-04-12,5.4548,prec
2021-04-19,0.7972,prec
2021-04-26,24.0497,prec
2021-05-03,39.8835,prec
2021-05-10,29.2229,prec
2021-05-17,38.0127,prec
2021-05-24,29.1692,prec
2021-05-31,23.6637,prec
2021-06-07,1.6986,prec
2021-06-14,13.1632,prec
2021-06-21,34.527,prec
2021-06-28,51.9763,prec
2021-07-05,20.5642,prec
2021-07-12,35.3882,prec
2021-07-19,20.5839,prec
2021-07-26,47.4382,prec
2021-08-02,25.958,prec
2021-08-09,18.1878,prec
2021-08-16,43.3522,prec
2021-08-23,12.683,prec
2021-08-30,1.477,prec
2021-09-06,5.8979,prec
2021-09-13,6.7469,prec
2021-09-20,2.5617,prec
2021-09-27,55.9219,prec
2021-10-04,4.6814,prec
2021-10-11,12.3471,prec
2021-10-18,36.6788,prec
2021-10-25,30.2754,prec
2021-11-01,11.575,prec
2021-11-08,4.5381,prec
2021-11-15,5.028,prec
2021-11-22,13.1671,prec
2021-11-29,24.6921,prec
2021-12-06,12.972,prec
2021-12-13,1.4726,prec
2021-12-20,12.2545,prec
2021-12-27,43.3241,prec
2022-01-03,26.7167,prec
2022-01-10,1.2814,prec
2022-01-17,6.4222,prec
2022-01-24,4.6411,prec
2022-01-31,42.9204,prec
2022-02-07,8.8436,prec
2022-02-14,61.7105,prec
2022-02-21,20.0097,prec
2022-02-28,0.1668,prec
2022-03-07,0.7136,prec
2022-03-14,13.1978,prec
2022-03-21,0.4673,prec
2022-03-28,19.1936,prec
2022-04-04,42.7096,prec
2022-04-11,2.2227,prec
2022-04-18,2.1221,prec
2022-04-25,1.3338,prec
2022-05-02,5.6102,prec
2022-05-09,6.1244,prec
2022-05-16,30.4031,prec
2022-05-23,27.2994,prec
2022-05-30,27.8337,prec
2022-06-06,24.0616,prec
2022-06-13,17.6099,prec
2022-06-20,15.8103,prec
2022-06-27,23.3574,prec
2022-07-04,10.4662,prec
2022-07-11,5.819,prec
2022-07-18,12.7674,prec
2022-07-25,13.7863,prec
2022-08-01,5.7793,prec
2022-08-08,1.1763,prec
2022-08-15,30.2579,prec
2022-08-22,3.0442,prec
2022-08-29,1.6148,prec
2022-09-05,34.7271,prec
2022-09-12,27.8104,prec
2022-09-19,13.2062,prec
2022-09-26,31.2645,prec
2022-10-03,2.6813,prec
2022-10-10,12.5131,prec
2022-10-17,22.2471,prec
2022-10-24,5.6773,prec
2022-10-31,14.5243,prec
2022-11-07,8.2408,prec
2022-11-14,32.8772,prec
2022-11-21,16.9613,prec
2022-11-28,9.3994,prec
2022-12-05,6.0284,prec
2022-12-12,1.8772,prec
2022-12-19,28.6859,prec
2022-12-26,34.6752,prec
2023-01-02,22.7566,prec
2023-01-09,48.4494,prec
2023-01-16,10.9802,prec
2023-01-23,2.773,prec
2023-01-30,24.068,prec
2023-02-06,0.2588,prec
2023-02-13,10.0273,prec
2023-02-20,9.4128,prec
2023-02-27,2.6748,prec
2023-03-06,25.3227,prec
2023-03-13,13.4479,prec
2023-03-20,33.9606,prec
2023-03-27,19.5108,prec
2023-04-03,4.7266,prec
2023-04-10,31.704,prec
2023-04-17,12.3668,prec
2023-04-24,16.1226,prec
2023-05-01,19.4716,prec
2023-05-08,28.8101,prec
2023-05-15,2.6524,prec
2023-05-22,6.4307,prec
2023-05-29,0.1855,prec
2023-06-05,0.1059,prec
2023-06-12,0.5801,prec
2023-06-19,31.0299,prec
2023-06-26,13.6151,prec
2023-07-03,35.4617,prec
2023-07-10,18.2037,prec
2023-07-17,28.6482,prec
2023-07-24,35.0519,prec
2023-07-31,67.5644,prec
2023-08-07,19.2997,prec
2023-08-14,7.3785,prec
2023-08-21,23.3734,prec
2023-08-28,12.2894,prec
2023-09-04,0.0322,prec
2023-09-11,20.5085,prec
2023-09-18,43.8278,prec
2023-09-25,3.634,prec
2023-10-02,13.4639,prec
2023-10-09,51.2311,prec
2023-10-16,46.7959,prec
2023-10-23,28.7436,prec
2023-10-30,55.6149,prec
2023-11-06,22.2213,prec
2023-11-13,36.6747,prec
2023-11-20,22.9962,prec
2023-11-27,17.1412,prec
2023-12-04,36.9454,prec
2023-12-11,17.3822,prec
2023-12-18,53.4731,prec
2023-12-25,25.2652,prec
1999-12-27,1.8289,cwb
2000-01-03,14.2825,cwb
2000-01-10,-1.1809,cwb
2000-01-17,5.906,cwb
2000-01-24,25.279,cwb
2000-01-31,4.3243,cwb
2000-02-07,17.2856,cwb
2000-02-14,15.7133,cwb
2000-02-21,2.7129,cwb
2000-02-28,26.6465,cwb
2000-03-06,13.9098,cwb
2000-03-13,6.0275,cwb
2000-03-20,3.5652,cwb
2000-03-27,-3.8431,cwb
2000-04-03,-6.7649,cwb
2000-04-10,3.9255,cwb
2000-04-17,4.2288,cwb
2000-04-24,-12.945,cwb
2000-05-01,-13.2007,cwb
2000-05-08,-28.6264,cwb
2000-05-15,4.9125,cwb
2000-05-22,15.9623,cwb
2000-05-29,6.2167,cwb
2000-06-05,-6.588,cwb
2000-06-12,-14.4954,cwb
2000-06-19,-7.9014,cwb
2000-06-26,-17.4533,cwb
2000-07-03,17.3575,cwb
2000-07-10,8.809,cwb
2000-07-17,-15.1691,cwb
2000-07-24,16.324,cwb
2000-07-31,-2.8857,cwb
2000-08-07,-9.769,cwb
2000-08-14,1.4755,cwb
2000-08-21,3.5915,cwb
2000-08-28,6.3084,cwb
2000-09-04,7.5055,cwb
2000-09-11,1.0447,cwb
2000-09-18,0.1697,cwb
2000-09-25,24.6311,cwb
2000-10-02,0.9546,cwb
2000-10-09,10.0909,cwb
2000-10-16,5.4162,cwb
2000-10-23,18.9489,cwb
2000-10-30,15.1112,cwb
2000-11-06,23.8062,cwb
2000-11-13,9.0784,cwb
2000-11-20,12.52,cwb
2000-11-27,6.1079,cwb
2000-12-04,12.0248,cwb
2000-12-11,23.5657,cwb
2000-12-18,7.4005,cwb
2000-12-25,5.9325,cwb
2001-01-01,28.0716,cwb
2001-01-08,0.9081,cwb
2001-01-15,2.4701,cwb
2001-01-22,28.0005,cwb
2001-01-29,19.2562,cwb
2001-02-05,27.5121,cwb
2001-02-12,3.9756,cwb
2001-02-19,2.9818,cwb
2001-02-26,-0.4695,cwb
2001-03-05,6.3934,cwb
2001-03-12,25.5615,cwb
2001-03-19,11.0244,cwb
2001-03-26,3.4236,cwb
2001-04-02,8.8503,cwb
2001-04-09,7.0591,cwb
2001-04-16,7.1969,cwb
2001-04-23,10.2395,cwb
2001-04-30,-9.6974,cwb
2001-05-07,-26.5382,cwb
2001-05-14,7.1578,cwb
2001-05-21,-21.5618,cwb
2001-05-28,8.1067,cwb
2001-06-04,-6.6851,cwb
2001-06-11,9.2028,cwb
2001-06-18,-14.4401,cwb
2001-06-25,-13.3123,cwb
2001-07-02,-26.2058,cwb
2001-07-09,9.9971,cwb
2001-07-16,12.302,cwb
2001-07-23,-14.1277,cwb
2001-07-30,0.0999,cwb
2001-08-06,42.3447,cwb
2001-08-13,-15.2326,cwb
2001-08-20,-15.7139,cwb
2001-08-27,-2.0238,cwb
2001-09-03,48.765,cwb
2001-09-10,21.8694,cwb
2001-09-17,35.6234,cwb
2001-09-24,17.1317,cwb
2001-10-01,14.4514,cwb
2001-10-08,-5.3729,cwb
2001-10-15,0.9869,cwb
2001-10-22,17.6714,cwb
2001-10-29,-1.2978,cwb
2001-11-05,25.3878,cwb
2001-11-12,4.8917,cwb
2001-11-19,12.5443,cwb
2001-11-26,24.904,cwb
2001-12-03,18.1673,cwb
2001-12-10,-0.7054,cwb
2001-12-17,22.3535,cwb
2001-12-24,33.302,cwb
2001-12-31,-0.0919,cwb
2002-01-07,1.6995,cwb
2002-01-14,16.5941,cwb
2002-01-21,19.6279,cwb
2002-01-28,2.9849,cwb
2002-02-04,24.7355,cwb
2002-02-11,10.3529,cwb
2002-02-18,40.2698,cwb
2002-02-25,23.9092,cwb
2002-03-04,-0.5597,cwb
2002-03-11,-2.3064,cwb
2002-03-18,6.9101,cwb
2002-03-25,-13.3707,cwb
2002-04-01,-19.6501,cwb
2002-04-08,-8.7902,cwb
2002-04-15,4.2849,cwb
2002-04-22,14.5057,cwb
2002-04-29,22.0966,cwb
2002-05-06,-10.7783,cwb
2002-05-13,-12.9464,cwb
2002-05-20,-7.1736,cwb
2002-05-27,-12.5959,cwb
2002-06-03,6.6187,cwb
2002-06-10,1.92,cwb
2002-06-17,-4.8093,cwb
2002-06-24,2.6673,cwb
2002-07-01,22.4853,cwb
2002-07-08,15.5113,cwb
2002-07-15,-5.0451,cwb
2002-07-22,-13.6842,cwb
2002-07-29,11.4566,cwb
2002-08-05,13.6914,cwb
2002-08-12,-21.5422,cwb
2002-08-19,20.5596,cwb
2002-08-26,-14.8698,cwb
2002-09-02,-14.4377,cwb
2002-09-09,5.6064,cwb
2002-09-16,0.1383,cwb
2002-09-23,-4.8521,cwb
2002-09-30,7.1628,cwb
2002-10-07,-3.9388,cwb
2002-10-14,14.3902,cwb
2002-10-21,38.5465,cwb
2002-10-28,20.8908,cwb
2002-11-04,23.3481,cwb
2002-11-11,12.5652,cwb
2002-11-18,3.7321,cwb
2002-11-25,14.9224,cwb
2002-12-02,-2.2746,cwb
2002-12-09,-2.6771,cwb
2002-12-16,17.9914,cwb
2002-12-23,28.7705,cwb
2002-12-30,37.1049,cwb
2003-01-06,0.7962,cwb
2003-01-13,6.4065,cwb
2003-01-20,10.7277,cwb
2003-01-27,18.3786,cwb
2003-02-03,7.3837,cwb
2003-02-10,-3.7702,cwb
2003-02-17,-4.9614,cwb
2003-02-24,2.8269,cwb
2003-03-03,11.3177,cwb
2003-03-10,-5.6559,cwb
2003-03-17,-9.9218,cwb
2003-03-24,-13.3159,cwb
2003-03-31,2.4856,cwb
2003-04-07,-11.0201,cwb
2003-04-14,-24.6871,cwb
2003-04-21,8.4363,cwb
2003-04-28,5.2143,cwb
2003-05-05,-10.059,cwb
2003-05-12,8.0552,cwb
2003-05-19,29.5542,cwb
2003-05-26,-27.0223,cwb
2003-06-02,-8.2329,cwb
2003-06-09,-24.3535,cwb
2003-06-16,-10.945,cwb
2003-06-23,-16.5081,cwb
2003-06-30,19.6707,cwb
2003-07-07,-22.3726,cwb
2003-07-14,-22.9414,cwb
2003-07-21,-3.033,cwb
2003-07-28,-18.5925,cwb
2003-08-04,-34.0033,cwb
2003-08-11,-25.2595,cwb
2003-08-18,-15.696,cwb
2003-08-25,-2.6715,cwb
2003-09-01,-10.6237,cwb
2003-09-08,33.0963,cwb
2003-09-15,-17.7001,cwb
2003-09-22,10.3594,cwb
2003-09-29,-0.6411,cwb
2003-10-06,23.7767,cwb
2003-10-13,-7.4141,cwb
2003-10-20,4.7759,cwb
2003-10-27,10.7508,cwb
2003-11-03,-1.7005,cwb
2003-11-10,2.0234,cwb
2003-11-17,10.2071,cwb
2003-11-24,10.5722,cwb
2003-12-01,-0.3904,cwb
2003-12-08,25.0514,cwb
2003-12-15,13.1018,cwb
2003-12-22,17.205,cwb
2003-12-29,4.8992,cwb
2004-01-05,20.9875,cwb
2004-01-12,29.154,cwb
2004-01-19,19.5699,cwb
2004-01-26,36.9277,cwb
2004-02-02,28.0542,cwb
2004-02-09,9.2616,cwb
2004-02-16,-5.2541,cwb
2004-02-23,4.0705,cwb
2004-03-01,-5.6767,cwb
2004-03-08,-0.1774,cwb
2004-03-15,16.552,cwb
2004-03-22,0.4016,cwb
2004-03-29,-8.6536,cwb
2004-04-05,19.0075,cwb
2004-04-12,-16.0982,cwb
2004-04-19,-14.3238,cwb
2004-04-26,-10.2676,cwb
2004-05-03,2.6125,cwb
2004-05-10,-16.2787,cwb
2004-05-17,-20.0273,cwb
2004-05-24,-19.863,cwb
2004-05-31,-9.6342,cwb
2004-06-07,-16.2447,cwb
2004-06-14,-1.3998,cwb
2004-06-21,33.0278,cwb
2004-06-28,21.0549,cwb
2004-07-05,8.6368,cwb
2004-07-12,7.6051,cwb
2004-07-19,-2.6608,cwb
2004-07-26,-22.4605,cwb
2004-08-02,-31.8952,cwb
2004-08-09,27.1567,cwb
2004-08-16,26.218,cwb
2004-08-23,18.6974,cwb
2004-08-30,6.2628,cwb
2004-09-06,-17.5538,cwb
2004-09-13,1.2126,cwb
2004-09-20,33.125,cwb
2004-09-27,8.6121,cwb
2004-10-04,-4.7241,cwb
2004-10-11,-0.4317,cwb
2004-10-18,26.0927,cwb
2004-10-25,6.9434,cwb
2004-11-01,3.6113,cwb
2004-11-08,13.8999,cwb
2004-11-15,25.3635,cwb
2004-11-22,7.6768,cwb
2004-11-29,4.4449,cwb
2004-12-06,-0.643,cwb
2004-12-13,12.3092,cwb
2004-12-20,11.1138,cwb
2004-12-27,10.6087,cwb
2005-01-03,2.9051,cwb
2005-01-10,2.3176,cwb
2005-01-17,19.0208,cwb
2005-01-24,0.5769,cwb
2005-01-31,1.9189,cwb
2005-02-07,24.5423,cwb
2005-02-14,5.7891,cwb
2005-02-21,5.5927,cwb
2005-02-28,9.5926,cwb
2005-03-07,7.9687,cwb
2005-03-14,-6.375,cwb
2005-03-21,-2.1579,cwb
2005-03-28,-12.8721,cwb
2005-04-04,3.8187,cwb
2005-04-11,-2.9393,cwb
2005-04-18,-6.303,cwb
2005-04-25,2.3426,cwb
2005-05-02,32.2137,cwb
2005-05-09,6.3341,cwb
2005-05-16,1.0213,cwb
2005-05-23,-26.7969,cwb
2005-05-30,19.5455,cwb
2005-06-06,-6.8167,cwb
2005-06-13,-24.3551,cwb
2005-06-20,-26.1258,cwb
2005-06-27,-7.5123,cwb
2005-07-04,9.7262,cwb
2005-07-11,-20.922,cwb
2005-07-18,4.7611,cwb
2005-07-25,33.3182,cwb
2005-08-01,19.6213,cwb
2005-08-08,2.2516,cwb
2005-08-15,-13.4468,cwb
2005-08-22,1.677,cwb
2005-08-29,-19.6685,cwb
2005-09-05,-18.2627,cwb
2005-09-12,5.8069,cwb
2005-09-19,-12.3498,cwb
2005-09-26,16.8438,cwb
2005-10-03,-8.9398,cwb
2005-10-10,-9.7121,cwb
2005-10-17,5.5329,cwb
2005-10-24,21.9851,cwb
2005-10-31,3.0938,cwb
2005-11-07,-0.1769,cwb
2005-11-14,9.6534,cwb
2005-11-21,16.9996,cwb
2005-11-28,3.3845,cwb
2005-12-05,7.8273,cwb
2005-12-12,12.3981,cwb
2005-12-19,5.2618,cwb
2005-12-26,9.4641,cwb
2006-01-02,-0.4102,cwb
2006-01-09,0.8873,cwb
2006-01-16,15.3956,cwb
2006-01-23,-0.9569,cwb
2006-01-30,-0.042,cwb
2006-02-06,11.2908,cwb
2006-02-13,15.2994,cwb
2006-02-20,-4.2369,cwb
2006-02-27,11.1396,cwb
2006-03-06,15.1163,cwb
2006-03-13,-6.2458,cwb
2006-03-20,8.252,cwb
2006-03-27,25.0681,cwb
2006-04-03,4.9869,cwb
2006-04-10,3.723,cwb
2006-04-17,2.2329,cwb
2006-04-24,-3.7736,cwb
2006-05-01,-28.0375,cwb
2006-05-08,-28.2104,cwb
2006-05-15,22.5288,cwb
2006-05-22,13.2655,cwb
2006-05-29,-8.5185,cwb
2006-06-05,-27.6165,cwb
2006-06-12,-15.2445,cwb
2006-06-19,-7.1253,cwb
2006-06-26,-23.1916,cwb
2006-07-03,-10.8757,cwb
2006-07-10,-26.0413,cwb
2006-07-17,-26.565,cwb
2006-07-24,-15.4847,cwb
2006-07-31,10.8313,cwb
2006-08-07,5.5646,cwb
2006-08-14,38.9109,cwb
2006-08-21,23.4679,cwb
2006-08-28,20.3098,cwb
2006-09-04,-9.9434,cwb
2006-09-11,-19.9811,cwb
2006-09-18,-15.2517,cwb
2006-09-25,3.4628,cwb
2006-10-02,18.2396,cwb
2006-10-09,0.3063,cwb
2006-10-16,4.1048,cwb
2006-10-23,23.7244,cwb
2006-10-30,8.4209,cwb
2006-11-06,8.6247,cwb
2006-11-13,7.5629,cwb
2006-11-20,21.8015,cwb
2006-11-27,7.4227,cwb
2006-12-04,24.124,cwb
2006-12-11,13.2516,cwb
2006-12-18,-0.2955,cwb
2006-12-25,18.0157,cwb
2007-01-01,22.035,cwb
2007-01-08,22.0522,cwb
2007-01-15,46.2334,cwb
2007-01-22,6.812,cwb
2007-01-29,-2.656,cwb
2007-02-05,19.4668,cwb
2007-02-12,14.7131,cwb
2007-02-19,24.7079,cwb
2007-02-26,27.9611,cwb
2007-03-05,16.781,cwb
2007-03-12,-0.2119,cwb
2007-03-19,-4.4383,cwb
2007-03-26,-13.1623,cwb
2007-04-02,-13.5724,cwb
2007-04-09,-19.1292,cwb
2007-04-16,-18.6859,cwb
2007-04-23,-22.4249,cwb
2007-04-30,-19.7596,cwb
2007-05-07,39.1715,cwb
2007-05-14,4.1687,cwb
2007-05-21,0.1311,cwb
2007-05-28,-7.6091,cwb
2007-06-04,-17.3263,cwb
2007-06-11,18.6458,cwb
2007-06-18,20.5533,cwb
2007-06-25,32.4028,cwb
2007-07-02,28.1801,cwb
2007-07-09,3.6423,cwb
2007-07-16,7.9858,cwb
2007-07-23,18.688,cwb
2007-07-30,-19.4772,cwb
2007-08-06,1.5919,cwb
2007-08-13,3.4256,cwb
2007-08-20,4.3207,cwb
2007-08-27,-0.8252,cwb
2007-09-03,-7.6199,cwb
2007-09-10,-5.6491,cwb
2007-09-17,4.2277,cwb
2007-09-24,28.4195,cwb
2007-10-01,0.6462,cwb
2007-10-08,-7.3508,cwb
2007-10-15,9.1544,cwb
2007-10-22,-2.8404,cwb
2007-10-29,6.3168,cwb
2007-11-05,31.2146,cwb
2007-11-12,8.4942,cwb
2007-11-19,6.2811,cwb
2007-11-26,20.0218,cwb
2007-12-03,41.125,cwb
2007-12-10,0.4406,cwb
2007-12-17,0.6833,cwb
2007-12-24,-0.1705,cwb
2007-12-31,5.2293,cwb
2008-01-07,14.0512,cwb
2008-01-14,38.6158,cwb
2008-01-21,33.6206,cwb
2008-01-28,9.2341,cwb
2008-02-04,8.9603,cwb
2008-02-11,-3.5696,cwb
2008-02-18,0.2827,cwb
2008-02-25,23.6779,cwb
2008-03-03,3.9419,cwb
2008-03-10,21.0311,cwb
2008-03-17,16.8853,cwb
2008-03-24,13.9872,cwb
2008-03-31,8.3983,cwb
2008-04-07,-6.3491,cwb
2008-04-14,-9.9193,cwb
2008-04-21,-15.5612,cwb
2008-04-28,3.1506,cwb
2008-05-05,-31.0834,cwb
2008-05-12,-16.836,cwb
2008-05-19,-16.8572,cwb
2008-05-26,-5.7356,cwb
2008-06-02,-14.7201,cwb
2008-06-09,-11.9235,cwb
2008-06-16,-13.6761,cwb
2008-06-23,-17.5285,cwb
2008-06-30,-2.6127,cwb
2008-07-07,15.9561,cwb
2008-07-14,16.808,cwb
2008-07-21,-6.3549,cwb
2008-07-28,-3.5977,cwb
2008-08-04,29.304,cwb
2008-08-11,-9.5881,cwb
2008-08-18,21.2158,cwb
2008-08-25,-12.5365,cwb
2008-09-01,13.7021,cwb
2008-09-08,-9.9097,cwb
2008-09-15,-10.5957,cwb
2008-09-22,-3.61,cwb
2008-09-29,70.448,cwb
2008-10-06,-5.4279,cwb
2008-10-13,4.8546,cwb
2008-10-20,7.9498,cwb
2008-10-27,6.5996,cwb
2008-11-03,4.9422,cwb
2008-11-10,32.4752,cwb
2008-11-17,13.2505,cwb
2008-11-24,4.5242,cwb
2008-12-01,8.2528,cwb
2008-12-08,4.4745,cwb
2008-12-15,4.4939,cwb
2008-12-22,-2.2758,cwb
2008-12-29,7.7632,cwb
2009-01-05,-0.9636,cwb
2009-01-12,10.4039,cwb
2009-01-19,22.75,cwb
2009-01-26,-2.5601,cwb
2009-02-02,3.714,cwb
2009-02-09,29.6881,cwb
2009-02-16,9.7901,cwb
2009-02-23,8.1007,cwb
2009-03-02,10.668,cwb
2009-03-09,10.7991,cwb
2009-03-16,-8.1318,cwb
2009-03-23,23.509,cwb
2009-03-30,-12.9348,cwb
2009-04-06,-12.7749,cwb
2009-04-13,-20.3467,cwb
2009-04-20,-18.5362,cwb
2009-04-27,-1.291,cwb
2009-05-04,-4.3356,cwb
2009-05-11,-1.3867,cwb
2009-05-18,-14.6336,cwb
2009-05-25,-18.1594,cwb
2009-06-01,-9.2732,cwb
2009-06-08,20.8119,cwb
2009-06-15,-4.7643,cwb
2009-06-22,-21.2357,cwb
2009-06-29,-27.0518,cwb
2009-07-06,24.7249,cwb
2009-07-13,-10.3402,cwb
2009-07-20,11.5768,cwb
2009-07-27,6.1944,cwb
2009-08-03,-10.127,cwb
2009-08-10,-17.3322,cwb
2009-08-17,-10.6457,cwb
2009-08-24,7.9676,cwb
2009-08-31,6.836,cwb
2009-09-07,-14.6872,cwb
2009-09-14,-13.2428,cwb
2009-09-21,-10.954,cwb
2009-09-28,3.8944,cwb
2009-10-05,27.1229,cwb
2009-10-12,-5.8904,cwb
2009-10-19,-1.7832,cwb
2009-10-26,14.9694,cwb
2009-11-02,15.3929,cwb
2009-11-09,26.9359,cwb
2009-11-16,17.5368,cwb
2009-11-23,20.869,cwb
2009-11-30,20.7595,cwb
2009-12-07,13.3326,cwb
2009-12-14,11.0705,cwb
2009-12-21,20.7736,cwb
2009-12-28,8.0098,cwb
2010-01-04,9.1834,cwb
2010-01-11,6.6554,cwb
2010-01-18,1.8389,cwb
2010-01-25,15.5075,cwb
2010-02-01,18.7743,cwb
2010-02-08,2.4676,cwb
2010-02-15,6.6308,cwb
2010-02-22,43.4102,cwb
2010-03-01,3.5298,cwb
2010-03-08,0.351,cwb
2010-03-15,13.1472,cwb
2010-03-22,-3.3465,cwb
2010-03-29,16.3376,cwb
2010-04-05,-11.8302,cwb
2010-04-12,-16.9894,cwb
2010-04-19,-15.4152,cwb
2010-04-26,9.6062,cwb
2010-05-03,1.27,cwb
2010-05-10,9.5374,cwb
2010-05-17,-21.2649,cwb
2010-05-24,-5.2304,cwb
2010-05-31,-20.9612,cwb
2010-06-07,3.2932,cwb
2010-06-14,-19.4374,cwb
2010-06-21,-27.2331,cwb
2010-06-28,-24.6302,cwb
2010-07-05,-25.4233,cwb
2010-07-12,-4.4732,cwb
2010-07-19,-25.4962,cwb
2010-07-26,-1.0489,cwb
2010-08-02,8.8076,cwb
2010-08-09,-2.6079,cwb
2010-08-16,1.9594,cwb
2010-08-23,73.8225,cwb
2010-08-30,-4.8865,cwb
2010-09-06,2.3565,cwb
2010-09-13,31.7786,cwb
2010-09-20,9.8422,cwb
2010-09-27,11.6019,cwb
2010-10-04,-7.318,cwb
2010-10-11,5.0973,cwb
2010-10-18,29.1088,cwb
2010-10-25,5.8662,cwb
2010-11-01,26.3585,cwb
2010-11-08,24.2894,cwb
2010-11-15,1.1721,cwb
2010-11-22,5.3059,cwb
2010-11-29,7.3749,cwb
2010-12-06,11.1974,cwb
2010-12-13,9.7015,cwb
2010-12-20,7.6805,cwb
2010-12-27,0.5649,cwb
2011-01-03,16.0786,cwb
2011-01-10,16.1781,cwb
2011-01-17,5.7614,cwb
2011-01-24,2.5901,cwb
2011-01-31,8.8207,cwb
2011-02-07,8.3045,cwb
2011-02-14,6.6115,cwb
2011-02-21,5.1947,cwb
2011-02-28,-4.797,cwb
2011-03-07,-6.3702,cwb
2011-03-14,-5.9623,cwb
2011-03-21,-10.2253,cwb
2011-03-28,-3.809,cwb
2011-04-04,-12.1695,cwb
2011-04-11,-9.0461,cwb
2011-04-18,-27.3646,cwb
2011-04-25,-24.859,cwb
2011-05-02,-28.6933,cwb
2011-05-09,-11.1538,cwb
2011-05-16,0.7009,cwb
2011-05-23,-14.6011,cwb
2011-05-30,-14.4496,cwb
2011-06-06,-1.79,cwb
2011-06-13,20.8758,cwb
2011-06-20,5.7598,cwb
2011-06-27,-12.6408,cwb
2011-07-04,-15.8966,cwb
2011-07-11,30.5197,cwb
2011-07-18,8.4456,cwb
2011-07-25,-7.5123,cwb
2011-08-01,14.2577,cwb
2011-08-08,34.4928,cwb
2011-08-15,3.155,cwb
2011-08-22,20.727,cwb
2011-08-29,-2.2022,cwb
2011-09-05,40.1268,cwb
2011-09-12,7.0958,cwb
2011-09-19,-9.6726,cwb
2011-09-26,-11.5323,cwb
2011-10-03,18.5586,cwb
2011-10-10,5.4466,cwb
2011-10-17,6.1672,cwb
2011-10-24,-2.6666,cwb
2011-10-31,-1.9282,cwb
2011-11-07,-2.5462,cwb
2011-11-14,-0.9987,cwb
2011-11-21,1.2165,cwb
2011-11-28,27.2996,cwb
2011-12-05,27.1883,cwb
2011-12-12,31.6435,cwb
2011-12-19,18.0815,cwb
2011-12-26,26.6943,cwb
2012-01-02,36.2806,cwb
2012-01-09,0.5496,cwb
2012-01-16,24.0316,cwb
2012-01-23,7.7905,cwb
2012-01-30,-2.2485,cwb
2012-02-06,-1.7306,cwb
2012-02-13,9.6105,cwb
2012-02-20,-1.3404,cwb
2012-02-27,0.1531,cwb
2012-03-05,5.8133,cwb
2012-03-12,-4.3176,cwb
2012-03-19,-10.2682,cwb
2012-03-26,-10.0323,cwb
2012-04-02,-3.5747,cwb
2012-04-09,12.0422,cwb
2012-04-16,7.2956,cwb
2012-04-23,13.3388,cwb
2012-04-30,-11.9598,cwb
2012-05-07,21.7729,cwb
2012-05-14,-16.6523,cwb
2012-05-21,-33.8399,cwb
2012-05-28,0.6894,cwb
2012-06-04,3.9951,cwb
2012-06-11,1.6822,cwb
2012-06-18,25.7065,cwb
2012-06-25,-8.6565,cwb
2012-07-02,-1.3158,cwb
2012-07-09,19.1671,cwb
2012-07-16,12.278,cwb
2012-07-23,-9.6,cwb
2012-07-30,23.9202,cwb
2012-08-06,2.4633,cwb
2012-08-13,-25.2702,cwb
2012-08-20,4.3697,cwb
2012-08-27,1.4233,cwb
2012-09-03,-16.4856,cwb
2012-09-10,-6.7319,cwb
2012-09-17,12.9103,cwb
2012-09-24,23.8308,cwb
2012-10-01,37.8566,cwb
2012-10-08,16.2832,cwb
2012-10-15,11.6236,cwb
2012-10-22,-0.3292,cwb
2012-10-29,18.9312,cwb
2012-11-05,7.6394,cwb
2012-11-12,0.7064,cwb
2012-11-19,4.5536,cwb
2012-11-26,12.8662,cwb
2012-12-03,17.4573,cwb
2012-12-10,15.406,cwb
2012-12-17,30.1766,cwb
2012-12-24,21.3259,cwb
2012-12-31,11.2114,cwb
2013-01-07,8.0263,cwb
2013-01-14,0.8242,cwb
2013-01-21,13.9373,cwb
2013-01-28,25.9688,cwb
2013-02-04,12.0746,cwb
2013-02-11,0.5295,cwb
2013-02-18,1.6882,cwb
2013-02-25,-3.6712,cwb
2013-03-04,11.7725,cwb
2013-03-11,-1.2166,cwb
2013-03-18,-4.6094,cwb
2013-03-25,-6.7749,cwb
2013-04-01,-12.2682,cwb
2013-04-08,5.1534,cwb
2013-04-15,-11.165,cwb
2013-04-22,-7.621,cwb
2013-04-29,-19.0727,cwb
2013-05-06,-1.2264,cwb
2013-05-13,12.7401,cwb
2013-05-20,1.0035,cwb
2013-05-27,-13.9466,cwb
2013-06-03,-25.385,cwb
2013-06-10,-5.9831,cwb
2013-06-17,28.9057,cwb
2013-06-24,5.2542,cwb
2013-07-01,-15.7744,cwb
2013-07-08,-21.8273,cwb
2013-07-15,-28.5908,cwb
2013-07-22,-4.8239,cwb
2013-07-29,-12.1104,cwb
2013-08-05,1.0297,cwb
2013-08-12,0.1885,cwb
2013-08-19,1.3669,cwb
2013-08-26,-14.553,cwb
2013-09-02,26.8699,cwb
2013-09-09,34.3596,cwb
2013-09-16,6.1741,cwb
2013-09-23,-6.3186,cwb
2013-09-30,-9.6009,cwb
2013-10-07,27.4599,cwb
2013-10-14,14.4876,cwb
2013-10-21,7.0993,cwb
2013-10-28,20.6018,cwb
2013-11-04,43.6702,cwb
2013-11-11,1.548,cwb
2013-11-18,2.4147,cwb
2013-11-25,3.7977,cwb
2013-12-02,6.3361,cwb
2013-12-09,4.6139,cwb
2013-12-16,14.9645,cwb
2013-12-23,25.3371,cwb
2013-12-30,8.5077,cwb
2014-01-06,22.7482,cwb
2014-01-13,15.0001,cwb
2014-01-20,18.4806,cwb
2014-01-27,4.226,cwb
2014-02-03,19.6202,cwb
2014-02-10,7.9746,cwb
2014-02-17,5.2428,cwb
2014-02-24,-2.322,cwb
2014-03-03,-9.9814,cwb
2014-03-10,-8.4991,cwb
2014-03-17,11.3283,cwb
2014-03-24,-9.8624,cwb
2014-03-31,2.1514,cwb
2014-04-07,8.1096,cwb
2014-04-14,-8.3398,cwb
2014-04-21,18.8914,cwb
2014-04-28,-4.8973,cwb
2014-05-05,35.5443,cwb
2014-05-12,-8.2059,cwb
2014-05-19,-3.4225,cwb
2014-05-26,8.8832,cwb
2014-06-02,-9.6891,cwb
2014-06-09,-10.6756,cwb
2014-06-16,-14.7962,cwb
2014-06-23,-3.0274,cwb
2014-06-30,-10.891,cwb
2014-07-07,-8.3381,cwb
2014-07-14,-24.3071,cwb
2014-07-21,13.7129,cwb
2014-07-28,-25.8495,cwb
2014-08-04,7.5514,cwb
2014-08-11,5.9413,cwb
2014-08-18,27.3118,cwb
2014-08-25,-2.1279,cwb
2014-09-01,-10.0275,cwb
2014-09-08,-11.773,cwb
2014-09-15,-7.0985,cwb
2014-09-22,-0.4917,cwb
2014-09-29,0.7521,cwb
2014-10-06,10.9708,cwb
2014-10-13,9.8706,cwb
2014-10-20,15.4803,cwb
2014-10-27,-2.6682,cwb
2014-11-03,11.0008,cwb
2014-11-10,24.4149,cwb
2014-11-17,2.1023,cwb
2014-11-24,1.1443,cwb
2014-12-01,2.3921,cwb
2014-12-08,25.0475,cwb
2014-12-15,24.4131,cwb
2014-12-22,5.8133,cwb
2014-12-29,2.0695,cwb
2015-01-05,12.9672,cwb
2015-01-12,40.739,cwb
2015-01-19,7.583,cwb
2015-01-26,17.131,cwb
2015-02-02,-1.1951,cwb
2015-02-09,-2.3106,cwb
2015-02-16,16.4306,cwb
2015-02-23,22.0652,cwb
2015-03-02,1.6203,cwb
2015-03-09,-6.2622,cwb
2015-03-16,-3.077,cwb
2015-03-23,22.3382,cwb
2015-03-30,12.3032,cwb
2015-04-06,-8.5747,cwb
2015-04-13,-16.7079,cwb
2015-04-20,-4.0789,cwb
2015-04-27,-2.4996,cwb
2015-05-04,7.3498,cwb
2015-05-11,-17.9486,cwb
2015-05-18,-8.5038,cwb
2015-05-25,0.1097,cwb
2015-06-01,-24.0598,cwb
2015-06-08,-22.1174,cwb
2015-06-15,-6.0082,cwb
2015-06-22,-3.638,cwb
2015-06-29,-21.31,cwb
2015-07-06,-12.279,cwb
2015-07-13,9.2569,cwb
2015-07-20,7.8411,cwb
2015-07-27,17.459,cwb
2015-08-03,-11.8487,cwb
2015-08-10,9.699,cwb
2015-08-17,-3.761,cwb
2015-08-24,4.7724,cwb
2015-08-31,6.0802,cwb
2015-09-07,-3.1858,cwb
2015-09-14,23.3296,cwb
2015-09-21,1.6653,cwb
2015-09-28,-9.8497,cwb
2015-10-05,3.9701,cwb
2015-10-12,19.7336,cwb
2015-10-19,-3.9376,cwb
2015-10-26,-3.3785,cwb
2015-11-02,18.0638,cwb
2015-11-09,29.3936,cwb
2015-11-16,25.8851,cwb
2015-11-23,23.0862,cwb
2015-11-30,9.4112,cwb
2015-12-07,20.8959,cwb
2015-12-14,1.9439,cwb
2015-12-21,5.9847,cwb
2015-12-28,9.9512,cwb
2016-01-04,20.1821,cwb
2016-01-11,12.9281,cwb
2016-01-18,6.9083,cwb
2016-01-25,20.858,cwb
2016-02-01,5.4004,cwb
2016-02-08,38.3783,cwb
2016-02-15,12.4532,cwb
2016-02-22,5.9026,cwb
2016-02-29,20.6828,cwb
2016-03-07,-4.5936,cwb
2016-03-14,-6.3966,cwb
2016-03-21,8.1936,cwb
2016-03-28,0.0984,cwb
2016-04-04,5.8943,cwb
2016-04-11,11.3825,cwb
2016-04-18,-10.4462,cwb
2016-04-25,16.5851,cwb
2016-05-02,-25.5679,cwb
2016-05-09,-24.7233,cwb
2016-05-16,-9.3448,cwb
2016-05-23,7.7737,cwb
2016-05-30,-13.908,cwb
2016-06-06,-17.5884,cwb
2016-06-13,27.5199,cwb
2016-06-20,37.71,cwb
2016-06-27,14.7393,cwb
2016-07-04,-8.2198,cwb
2016-07-11,-5.7715,cwb
2016-07-18,-23.4359,cwb
2016-07-25,-0.6223,cwb
2016-08-01,-7.9439,cwb
2016-08-08,-1.9524,cwb
2016-08-15,-13.1299,cwb
2016-08-22,-8.1828,cwb
2016-08-29,0.2858,cwb
2016-09-05,-18.1858,cwb
2016-09-12,-17.9927,cwb
2016-09-19,-14.2232,cwb
2016-09-26,-4.5022,cwb
2016-10-03,-7.2615,cwb
2016-10-10,-1.9486,cwb
2016-10-17,16.8607,cwb
2016-10-24,-3.6508,cwb
2016-10-31,8.8166,cwb
2016-11-07,4.5065,cwb
2016-11-14,21.4163,cwb
2016-11-21,3.5162,cwb
2016-11-28,-1.7961,cwb
2016-12-05,14.9158,cwb
2016-12-12,0.0896,cwb
2016-12-19,4.3895,cwb
2016-12-26,2.036,cwb
2017-01-02,7.2681,cwb
2017-01-09,29.7113,cwb
2017-01-16,-0.6615,cwb
2017-01-23,-1.3504,cwb
2017-01-30,15.6967,cwb
2017-02-06,-0.8681,cwb
2017-02-13,-0.2555,cwb
2017-02-20,22.7129,cwb
2017-02-27,22.4479,cwb
2017-03-06,6.6739,cwb
2017-03-13,10.0007,cwb
2017-03-20,-6.0099,cwb
2017-03-27,-5.951,cwb
2017-04-03,-12.7407,cwb
2017-04-10,3.5744,cwb
2017-04-17,-7.7754,cwb
2017-04-24,-2.3621,cwb
2017-05-01,-5.4922,cwb
2017-05-08,-3.4536,cwb
2017-05-15,-10.8061,cwb
2017-05-22,-28.7603,cwb
2017-05-29,-21.4349,cwb
2017-06-05,12.6279,cwb
2017-06-12,-22.8121,cwb
2017-06-19,-9.8434,cwb
2017-06-26,37.5641,cwb
2017-07-03,-18.3626,cwb
2017-07-10,8.3232,cwb
2017-07-17,24.0361,cwb
2017-07-24,25.5265,cwb
2017-07-31,-8.9448,cwb
2017-08-07,-1.6463,cwb
2017-08-14,12.8851,cwb
2017-08-21,-18.6591,cwb
2017-08-28,9.4315,cwb
2017-09-04,29.0559,cwb
2017-09-11,22.345,cwb
2017-09-18,-3.8242,cwb
2017-09-25,8.2774,cwb
2017-10-02,22.0754,cwb
2017-10-09,-2.7062,cwb
2017-10-16,8.5597,cwb
2017-10-23,5.3281,cwb
2017-10-30,4.0433,cwb
2017-11-06,4.0132,cwb
2017-11-13,8.6315,cwb
2017-11-20,21.9436,cwb
2017-11-27,17.8602,cwb
2017-12-04,22.2347,cwb
2017-12-11,29.8001,cwb
2017-12-18,2.1116,cwb
2017-12-25,24.1273,cwb
2018-01-01,27.3497,cwb
2018-01-08,1.8322,cwb
2018-01-15,29.6958,cwb
2018-01-22,8.6058,cwb
2018-01-29,15.0041,cwb
2018-02-05,0.2558,cwb
2018-02-12,-0.2204,cwb
2018-02-19,-5.1991,cwb
2018-02-26,-4.0833,cwb
2018-03-05,8.8844,cwb
2018-03-12,-3.9496,cwb
2018-03-19,-4.1049,cwb
2018-03-26,15.9092,cwb
2018-04-02,3.6866,cwb
2018-04-09,-2.13,cwb
2018-04-16,-15.6123,cwb
2018-04-23,13.5825,cwb
2018-04-30,-1.1155,cwb
2018-05-07,-10.117,cwb
2018-05-14,-23.4499,cwb
2018-05-21,-30.8535,cwb
2018-05-28,8.3126,cwb
2018-06-04,-22.562,cwb
2018-06-11,-18.9406,cwb
2018-06-18,-6.9319,cwb
2018-06-25,-31.2241,cwb
2018-07-02,-29.7279,cwb
2018-07-09,-23.7794,cwb
2018-07-16,-29.9537,cwb
2018-07-23,-33.8034,cwb
2018-07-30,-29.9255,cwb
2018-08-06,-11.1932,cwb
2018-08-13,-2.3788,cwb
2018-08-20,1.562,cwb
2018-08-27,-9.6449,cwb
2018-09-03,-2.6947,cwb
2018-09-10,-10.0,cwb
2018-09-17,1.1761,cwb
2018-09-24,-11.0077,cwb
2018-10-01,-1.6328,cwb
2018-10-08,-14.2285,cwb
2018-10-15,-7.8717,cwb
2018-10-22,1.0851,cwb
2018-10-29,9.4893,cwb
2018-11-05,4.5088,cwb
2018-11-12,-0.245,cwb
2018-11-19,-2.4648,cwb
2018-11-26,13.1356,cwb
2018-12-03,31.8145,cwb
2018-12-10,0.7934,cwb
2018-12-17,30.7747,cwb
2018-12-24,1.9115,cwb
2018-12-31,0.1918,cwb
2019-01-07,16.8345,cwb
2019-01-14,2.6763,cwb
2019-01-21,17.6329,cwb
2019-01-28,4.2983,cwb
2019-02-04,31.2727,cwb
2019-02-11,-6.3602,cwb
2019-02-18,-3.9111,cwb
2019-02-25,2.4617,cwb
2019-03-04,35.6051,cwb
2019-03-11,32.4575,cwb
2019-03-18,-5.7547,cwb
2019-03-25,-6.3614,cwb
2019-04-01,2.5964,cwb
2019-04-08,-12.1815,cwb
2019-04-15,-26.7091,cwb
2019-04-22,-3.8598,cwb
2019-04-29,-7.8292,cwb
2019-05-06,-0.3795,cwb
2019-05-13,-15.5899,cwb
2019-05-20,-12.6142,cwb
2019-05-27,-20.5688,cwb
2019-06-03,-13.6992,cwb
2019-06-10,10.6264,cwb
2019-06-17,-11.2035,cwb
2019-06-24,-35.1765,cwb
2019-07-01,-18.8653,cwb
2019-07-08,-1.4454,cwb
2019-07-15,-3.7844,cwb
2019-07-22,-38.8685,cwb
2019-07-29,-7.9104,cwb
2019-08-05,-9.2454,cwb
2019-08-12,17.0356,cwb
2019-08-19,-23.2047,cwb
2019-08-26,-14.0485,cwb
2019-09-02,2.7265,cwb
2019-09-09,-7.4362,cwb
2019-09-16,-12.8715,cwb
2019-09-23,64.9622,cwb
2019-09-30,35.6611,cwb
2019-10-07,38.1543,cwb
2019-10-14,18.4004,cwb
2019-10-21,1.6561,cwb
2019-10-28,19.8016,cwb
2019-11-04,10.9625,cwb
2019-11-11,3.9483,cwb
2019-11-18,14.796,cwb
2019-11-25,15.1895,cwb
2019-12-02,13.9117,cwb
2019-12-09,10.213,cwb
2019-12-16,6.8256,cwb
2019-12-23,6.5011,cwb
2019-12-30,6.0911,cwb
2020-01-06,9.5726,cwb
2020-01-13,10.2256,cwb
2020-01-20,-1.2881,cwb
2020-01-27,28.0266,cwb
2020-02-03,17.8672,cwb
2020-02-10,26.911,cwb
2020-02-17,31.2435,cwb
2020-02-24,28.1163,cwb
2020-03-02,15.9199,cwb
2020-03-09,12.5506,cwb
2020-03-16,-10.1952,cwb
2020-03-23,-16.6643,cwb
2020-03-30,-9.5272,cwb
2020-04-06,-18.404,cwb
2020-04-13,-19.7929,cwb
2020-04-20,-24.9284,cwb
2020-04-27,7.1072,cwb
2020-05-04,-22.0896,cwb
2020-05-11,-15.6213,cwb
2020-05-18,-12.2902,cwb
2020-05-25,-27.1222,cwb
2020-06-01,-4.7544,cwb
2020-06-08,12.8144,cwb
2020-06-15,-4.5493,cwb
2020-06-22,-21.7767,cwb
2020-06-29,1.8596,cwb
2020-07-06,29.8148,cwb
2020-07-13,-8.7911,cwb
2020-07-20,-0.5965,cwb
2020-07-27,-19.953,cwb
2020-08-03,-22.1521,cwb
2020-08-10,-9.1713,cwb
2020-08-17,2.0607,cwb
2020-08-24,30.4729,cwb
2020-08-31,13.0102,cwb
2020-09-07,-10.1012,cwb
2020-09-14,-18.4099,cwb
2020-09-21,7.0562,cwb
2020-09-28,9.9923,cwb
2020-10-05,30.7082,cwb
2020-10-12,-5.7747,cwb
2020-10-19,12.1413,cwb
2020-10-26,17.7244,cwb
2020-11-02,-4.1681,cwb
2020-11-09,14.273,cwb
2020-11-16,2.5443,cwb
2020-11-23,0.4543,cwb
2020-11-30,21.5317,cwb
2020-12-07,8.5289,cwb
2020-12-14,10.3442,cwb
2020-12-21,53.577,cwb
2020-12-28,10.696,cwb
2021-01-04,7.8314,cwb
2021-01-11,16.286,cwb
2021-01-18,21.9214,cwb
2021-01-25,20.6838,cwb
2021-02-01,29.4977,cwb
2021-02-08,-1.0402,cwb
2021-02-15,11.5978,cwb
2021-02-22,-7.6186,cwb
2021-03-01,-4.6037,cwb
2021-03-08,38.7304,cwb
2021-03-15,-3.0013,cwb
2021-03-22,-0.1509,cwb
2021-03-29,-12.8195,cwb
2021-04-05,17.4323,cwb
2021-04-12,-9.4509,cwb
2021-04-19,-16.3076,cwb
2021-04-26,6.6324,cwb
2021-05-03,22.1401,cwb
2021-05-10,12.2121,cwb
2021-05-17,19.3985,cwb
2021-05-24,11.2743,cwb
2021-05-31,-1.0131,cwb
2021-06-07,-26.2771,cwb
2021-06-14,-18.3025,cwb
2021-06-21,13.2243,cwb
2021-06-28,32.0868,cwb
2021-07-05,-3.1281,cwb
2021-07-12,14.4699,cwb
2021-07-19,-3.2511,cwb
2021-07-26,25.103,cwb
2021-08-02,3.9866,cwb
2021-08-09,-3.2818,cwb
2021-08-16,26.9934,cwb
2021-08-23,-5.597,cwb
2021-08-30,-14.16,cwb
2021-09-06,-10.4743,cwb
2021-09-13,-6.6032,cwb
2021-09-20,-10.0931,cwb
2021-09-27,44.2378,cwb
2021-10-04,-4.399,cwb
2021-10-11,2.5839,cwb
2021-10-18,27.4761,cwb
2021-10-25,23.2474,cwb
2021-11-01,6.2302,cwb
2021-11-08,0.5093,cwb
2021-11-15,0.3766,cwb
2021-11-22,10.1891,cwb
2021-11-29,21.2926,cwb
2021-12-06,10.9213,cwb
2021-12-13,-1.3181,cwb
2021-12-20,9.7624,cwb
2021-12-27,39.3015,cwb
2022-01-03,22.4119,cwb
2022-01-10,-0.4293,cwb
2022-01-17,2.465,cwb
2022-01-24,-1.1494,cwb
2022-01-31,37.152,cwb
2022-02-07,1.8232,cwb
2022-02-14,52.5137,cwb
2022-02-21,11.7342,cwb
2022-02-28,-8.4233,cwb
2022-03-07,-13.2629,cwb
2022-03-14,1.5921,cwb
2022-03-21,-12.9197,cwb
2022-03-28,8.7767,cwb
2022-04-04,31.5045,cwb
2022-04-11,-15.684,cwb
2022-04-18,-21.8615,cwb
2022-04-25,-14.0486,cwb
2022-05-02,-13.2601,cwb
2022-05-09,-19.0747,cwb
2022-05-16,6.4185,cwb
2022-05-23,4.2081,cwb
2022-05-30,4.4541,cwb
2022-06-06,1.5052,cwb
2022-06-13,-8.0446,cwb
2022-06-20,-11.542,cwb
2022-06-27,-3.9098,cwb
2022-07-04,-12.6554,cwb
2022-07-11,-19.2074,cwb
2022-07-18,-18.5559,cwb
2022-07-25,-9.726,cwb
2022-08-01,-20.2575,cwb
2022-08-08,-29.574,cwb
2022-08-15,7.8692,cwb
2022-08-22,-21.139,cwb
2022-08-29,-25.0213,cwb
2022-09-05,18.1331,cwb
2022-09-12,11.9036,cwb
2022-09-19,0.8212,cwb
2022-09-26,21.5377,cwb
2022-10-03,-10.3182,cwb
2022-10-10,4.84,cwb
2022-10-17,15.4603,cwb
2022-10-24,-2.0625,cwb
2022-10-31,5.9543,cwb
2022-11-07,2.1448,cwb
2022-11-14,29.1142,cwb
2022-11-21,13.8176,cwb
2022-11-28,6.4785,cwb
2022-12-05,4.0607,cwb
2022-12-12,0.5873,cwb
2022-12-19,26.3048,cwb
2022-12-26,28.7423,cwb
2023-01-02,18.2187,cwb
2023-01-09,42.9049,cwb
2023-01-16,7.4748,cwb
2023-01-23,-0.2615,cwb
2023-01-30,17.2495,cwb
2023-02-06,-4.0497,cwb
2023-02-13,4.6637,cwb
2023-02-20,2.5522,cwb
2023-02-27,-3.7912,cwb
2023-03-06,18.7348,cwb
2023-03-13,1.714,cwb
2023-03-20,22.8589,cwb
2023-03-27,8.4922,cwb
2023-04-03,-8.8637,cwb
2023-04-10,17.5827,cwb
2023-04-17,-7.538,cwb
2023-04-24,0.9338,cwb
2023-05-01,0.6229,cwb
2023-05-08,9.298,cwb
2023-05-15,-19.779,cwb
2023-05-22,-16.5199,cwb
2023-05-29,-24.4912,cwb
2023-06-05,-31.5844,cwb
2023-06-12,-35.2701,cwb
2023-06-19,-1.0029,cwb
2023-06-26,-10.4623,cwb
2023-07-03,4.3694,cwb
2023-07-10,-12.486,cwb
2023-07-17,6.6821,cwb
2023-07-24,14.6855,cwb
2023-07-31,50.3832,cwb
2023-08-07,-2.9304,cwb
2023-08-14,-14.3759,cwb
2023-08-21,4.9607,cwb
2023-08-28,-3.1388,cwb
2023-09-04,-22.8457,cwb
2023-09-11,4.8301,cwb
2023-09-18,29.1687,cwb
2023-09-25,-9.1424,cwb
2023-10-02,2.3254,cwb
2023-10-09,41.2866,cwb
2023-10-16,39.9959,cwb
2023-10-23,23.1438,cwb
2023-10-30,48.5181,cwb
2023-11-06,17.4825,cwb
2023-11-13,32.5987,cwb
2023-11-20,18.1385,cwb
2023-11-27,15.7111,cwb
2023-12-04,33.9623,cwb
2023-12-11,14.4457,cwb
2023-12-18,47.4699,cwb
2023-12-25,17.1079,cwb
1999-12-27,1205264.7905,rad
2000-01-03,1736212.2016,rad
2000-01-10,1858311.759,rad
2000-01-17,2725876.8439,rad
2000-01-24,2409824.6205,rad
2000-01-31,3093560.1654,rad
2000-02-07,4531154.0974,rad
2000-02-14,5532563.643,rad
2000-02-21,7128126.5749,rad
2000-02-28,6733489.0531,rad
2000-03-06,5060759.2973,rad
2000-03-13,5757137.5412,rad
2000-03-20,9682648.095,rad
2000-03-27,8551026.5154,rad
2000-04-03,12778242.9293,rad
2000-04-10,12746499.9595,rad
2000-04-17,13518251.7452,rad
2000-04-24,15948228.6753,rad
2000-05-01,18203511.6088,rad
2000-05-08,23606365.555,rad
2000-05-15,18197602.9527,rad
2000-05-22,15401427.2141,rad
2000-05-29,18192772.989,rad
2000-06-05,20666576.7911,rad
2000-06-12,19018405.333,rad
2000-06-19,21316596.8733,rad
2000-06-26,17033058.2107,rad
2000-07-03,13273996.0811,rad
2000-07-10,15383051.3398,rad
2000-07-17,16056393.9516,rad
2000-07-24,13922476.5885,rad
2000-07-31,15816960.3642,rad
2000-08-07,15554101.35,rad
2000-08-14,16040644.571,rad
2000-08-21,14196369.2602,rad
2000-08-28,12391464.8101,rad
2000-09-04,8407631.0511,rad
2000-09-11,9132495.8662,rad
2000-09-18,10087932.173,rad
2000-09-25,6824735.7031,rad
2000-10-02,6693446.6931,rad
2000-10-09,6277205.898,rad
2000-10-16,4864852.7187,rad
2000-10-23,3872796.7475,rad
2000-10-30,3554807.58,rad
2000-11-06,2329557.9501,rad
2000-11-13,3033554.4496,rad
2000-11-20,2228191.7228,rad
2000-11-27,2081142.3012,rad
2000-12-04,2127603.5663,rad
2000-12-11,1916351.7377,rad
2000-12-18,2324458.5941,rad
2000-12-25,2361604.9707,rad
2001-01-01,1416725.8911,rad
2001-01-08,2272982.7875,rad
2001-01-15,3192439.1613,rad
2001-01-22,2237841.5087,rad
2001-01-29,3392483.1205,rad
2001-02-05,3486311.8233,rad
2001-02-12,4692616.2446,rad
2001-02-19,6595049.8432,rad
2001-02-26,7857200.9758,rad
2001-03-05,5984790.7678,rad
2001-03-12,7035760.7897,rad
2001-03-19,6618424.2605,rad
2001-03-26,10095425.967,rad
2001-04-02,12789457.977,rad
2001-04-09,12406628.054,rad
2001-04-16,15199933.4627,rad
2001-04-23,14457389.151,rad
2001-04-30,17628122.2151,rad
2001-05-07,22731168.3357,rad
2001-05-14,16812721.5981,rad
2001-05-21,21922314.1691,rad
2001-05-28,15196043.6221,rad
2001-06-04,18524820.4408,rad
2001-06-11,18078936.073,rad
2001-06-18,18835828.2056,rad
2001-06-25,21234588.1857,rad
2001-07-02,19843600.0831,rad
2001-07-09,17041315.2516,rad
2001-07-16,16506441.1907,rad
2001-07-23,20933454.6757,rad
2001-07-30,16623991.2316,rad
2001-08-06,12151756.1381,rad
2001-08-13,15299849.2553,rad
2001-08-20,16511313.9587,rad
2001-08-27,12661763.3103,rad
2001-09-03,9217703.115,rad
2001-09-10,8804332.6525,rad
2001-09-17,6954943.0556,rad
2001-09-24,8532150.4479,rad
2001-10-01,7060213.6609,rad
2001-10-08,7381814.9931,rad
2001-10-15,6515704.518,rad
2001-10-22,4160884.5603,rad
2001-10-29,3916668.4915,rad
2001-11-05,3477096.1239,rad
2001-11-12,3005483.1809,rad
2001-11-19,2014459.5701,rad
2001-11-26,1712262.7454,rad
2001-12-03,1812562.4163,rad
2001-12-10,2038091.7981,rad
2001-12-17,1844787.5059,rad
2001-12-24,1941349.7606,rad
2001-12-31,2455056.993,rad
2002-01-07,2224139.7451,rad
2002-01-14,1691788.8105,rad
2002-01-21,1864072.0362,rad
2002-01-28,3828507.4355,rad
2002-02-04,3478996.9111,rad
2002-02-11,6620122.1685,rad
2002-02-18,6265873.6702,rad
2002-02-25,6820704.4287,rad
2002-03-04,7599425.413,rad
2002-03-11,8108881.378,rad
2002-03-18,9136647.5958,rad
2002-03-25,15643319.2727,rad
2002-04-01,16794373.3317,rad
2002-04-08,13757833.988,rad
2002-04-15,10640007.1494,rad
2002-04-22,13418859.3803,rad
2002-04-29,11012365.6561,rad
2002-05-06,15227915.0888,rad
2002-05-13,18114365.4546,rad
2002-05-20,17796168.9013,rad
2002-05-27,20151632.1164,rad
2002-06-03,15826356.6637,rad
2002-06-10,17423806.5796,rad
2002-06-17,18304720.9268,rad
2002-06-24,18374324.1483,rad
2002-07-01,12511946.6733,rad
2002-07-08,17038433.8136,rad
2002-07-15,16043894.1961,rad
2002-07-22,16669600.0474,rad
2002-07-29,18487974.746,rad
2002-08-05,15429812.8666,rad
2002-08-12,18079991.0902,rad
2002-08-19,12729245.9972,rad
2002-08-26,14261173.5117,rad
2002-09-02,14883627.5702,rad
2002-09-09,11538486.724,rad
2002-09-16,8376128.4006,rad
2002-09-23,9822062.9183,rad
2002-09-30,8199019.7003,rad
2002-10-07,7679476.3212,rad
2002-10-14,5795687.3844,rad
2002-10-21,4151045.7586,rad
2002-10-28,3586206.779,rad
2002-11-04,3598269.1006,rad
2002-11-11,2612820.618,rad
2002-11-18,2646480.8213,rad
2002-11-25,2094539.8251,rad
2002-12-02,1774401.6199,rad
2002-12-09,2675689.8586,rad
2002-12-16,1302419.9034,rad
2002-12-23,1014657.1291,rad
2002-12-30,1453265.4451,rad
2003-01-06,3042977.9386,rad
2003-01-13,1755779.1518,rad
2003-01-20,2304264.2325,rad
2003-01-27,3340702.8047,rad
2003-02-03,3046808.3722,rad
2003-02-10,6595493.8552,rad
2003-02-17,8093560.6086,rad
2003-02-24,8337154.5377,rad
2003-03-03,6215712.2679,rad
2003-03-10,10588657.6921,rad
2003-03-17,11279764.8566,rad
2003-03-24,14274446.2865,rad
2003-03-31,11847540.9509,rad
2003-04-07,16500127.42,rad
2003-04-14,19243729.5194,rad
2003-04-21,17437148.8668,rad
2003-04-28,15357026.4136,rad
2003-05-05,17729183.4258,rad
2003-05-12,18925551.3153,rad
2003-05-19,12351942.7133,rad
2003-05-26,22703620.4011,rad
2003-06-02,20554514.1904,rad
2003-06-09,21244449.5512,rad
2003-06-16,20511740.9104,rad
2003-06-23,19711984.2418,rad
2003-06-30,14264782.9957,rad
2003-07-07,19818958.9309,rad
2003-07-14,22650026.5413,rad
2003-07-21,19080836.0135,rad
2003-07-28,18207248.5514,rad
2003-08-04,22942477.8109,rad
2003-08-11,18782486.4493,rad
2003-08-18,13496555.0071,rad
2003-08-25,10943851.9487,rad
2003-09-01,12788311.6297,rad
2003-09-08,9970644.8729,rad
2003-09-15,13857439.2411,rad
2003-09-22,10912250.1109,rad
2003-09-29,9708950.9301,rad
2003-10-06,5566253.072,rad
2003-10-13,9064489.3671,rad
2003-10-20,5872807.292,rad
2003-10-27,4866458.7138,rad
2003-11-03,5093284.5879,rad
2003-11-10,3464521.0193,rad
2003-11-17,1657105.413,rad
2003-11-24,2199921.4855,rad
2003-12-01,1971147.5962,rad
2003-12-08,2256501.9712,rad
2003-12-15,1764158.7412,rad
2003-12-22,1289918.3025,rad
2003-12-29,1944378.3111,rad
2004-01-05,1826762.2463,rad
2004-01-12,2030694.6901,rad
2004-01-19,2378781.4179,rad
2004-01-26,2651013.8451,rad
2004-02-02,2480769.0934,rad
2004-02-09,2844963.2997,rad
2004-02-16,6331443.4272,rad
2004-02-23,7788498.8739,rad
2004-03-01,7430254.3312,rad
2004-03-08,8245868.8819,rad
2004-03-15,7804977.0605,rad
2004-03-22,11466499.7986,rad
2004-03-29,14564709.2223,rad
2004-04-05,12557048.5563,rad
2004-04-12,15291089.6803,rad
2004-04-19,17483234.0265,rad
2004-04-26,17809657.9268,rad
2004-05-03,12216102.3952,rad
2004-05-10,16831934.3403,rad
2004-05-17,21885225.3942,rad
2004-05-24,20150735.1774,rad
2004-05-31,17536702.5908,rad
2004-06-07,20161611.7434,rad
2004-06-14,17571112.9233,rad
2004-06-21,16910469.5559,rad
2004-06-28,19358723.1875,rad
2004-07-05,18011184.9452,rad
2004-07-12,14315232.76,rad
2004-07-19,16415144.4147,rad
2004-07-26,20626618.2021,rad
2004-08-02,21804741.7926,rad
2004-08-09,15575648.2253,rad
2004-08-16,13032057.0567,rad
2004-08-23,10877704.5038,rad
2004-08-30,14770394.2097,rad
2004-09-06,14976173.0065,rad
2004-09-13,11260367.6849,rad
2004-09-20,7525839.5598,rad
2004-09-27,8167388.0253,rad
2004-10-04,8357963.469,rad
2004-10-11,7351307.2541,rad
2004-10-18,4588573.5917,rad
2004-10-25,4608967.609,rad
2004-11-01,4276849.2034,rad
2004-11-08,3718673.8282,rad
2004-11-15,2137134.1612,rad
2004-11-22,2425987.293,rad
2004-11-29,1775707.3604,rad
2004-12-06,1913616.4668,rad
2004-12-13,1895414.2796,rad
2004-12-20,2085056.3989,rad
2004-12-27,1572774.707,rad
2005-01-03,2022183.2395,rad
2005-01-10,2947190.0274,rad
2005-01-17,2903274.4878,rad
2005-01-24,3341409.6664,rad
2005-01-31,3835518.0381,rad
2005-02-07,4235112.1086,rad
2005-02-14,5046574.1,rad
2005-02-21,6364371.6651,rad
2005-02-28,7829701.6922,rad
2005-03-07,7299786.9066,rad
2005-03-14,8248464.915,rad
2005-03-21,10827036.677,rad
2005-03-28,13998781.7224,rad
2005-04-04,14050501.6143,rad
2005-04-11,13212472.9544,rad
2005-04-18,18116597.1136,rad
2005-04-25,15661558.7153,rad
2005-05-02,14391931.7598,rad
2005-05-09,19368500.9791,rad
2005-05-16,17211007.467,rad
2005-05-23,22665927.3493,rad
2005-05-30,16224646.7862,rad
2005-06-06,17383557.8619,rad
2005-06-13,22426051.3299,rad
2005-06-20,24137272.3756,rad
2005-06-27,18315151.6193,rad
2005-07-04,17096940.6546,rad
2005-07-11,21533202.6,rad
2005-07-18,13207857.2497,rad
2005-07-25,12467830.8141,rad
2005-08-01,14939909.419,rad
2005-08-08,11978155.9937,rad
2005-08-15,14817206.1307,rad
2005-08-22,12454132.0905,rad
2005-08-29,16635184.7451,rad
2005-09-05,14527416.3001,rad
2005-09-12,9691437.6591,rad
2005-09-19,12239167.0608,rad
2005-09-26,7517348.1784,rad
2005-10-03,8671018.7814,rad
2005-10-10,8846043.2854,rad
2005-10-17,5843037.9266,rad
2005-10-24,4928953.346,rad
2005-10-31,4588937.1121,rad
2005-11-07,3154934.6791,rad
2005-11-14,2944786.0879,rad
2005-11-21,1804507.8167,rad
2005-11-28,2648996.4405,rad
2005-12-05,1496794.789,rad
2005-12-12,2247637.3911,rad
2005-12-19,1822558.6726,rad
2005-12-26,2299907.219,rad
2006-01-02,1634937.3062,rad
2006-01-09,2625716.1361,rad
2006-01-16,2386430.2505,rad
2006-01-23,3640310.7927,rad
2006-01-30,2688375.0819,rad
2006-02-06,3450881.6405,rad
2006-02-13,3541472.3744,rad
2006-02-20,5357928.9345,rad
2006-02-27,8389841.0529,rad
2006-03-06,7631360.1372,rad
2006-03-13,8410542.1929,rad
2006-03-20,10351789.1425,rad
2006-03-27,8192625.0394,rad
2006-04-03,13628718.3186,rad
2006-04-10,14698480.5446,rad
2006-04-17,12534036.4112,rad
2006-04-24,15097956.9404,rad
2006-05-01,20906027.0483,rad
2006-05-08,22212086.9682,rad
2006-05-15,14295291.2828,rad
2006-05-22,13569725.1219,rad
2006-05-29,18168414.8548,rad
2006-06-05,23777773.4123,rad
2006-06-12,19023425.1273,rad
2006-06-19,17311920.6087,rad
2006-06-26,21567081.1042,rad
2006-07-03,20609906.0075,rad
2006-07-10,23600132.3093,rad
2006-07-17,23782267.2478,rad
2006-07-24,19701796.1908,rad
2006-07-31,15933302.2606,rad
2006-08-07,14245849.1374,rad
2006-08-14,13088912.2829,rad
2006-08-21,12807287.2761,rad
2006-08-28,9736873.5583,rad
2006-09-04,11869852.3702,rad
2006-09-11,14739902.999,rad
2006-09-18,11448823.1351,rad
2006-09-25,8189616.7223,rad
2006-10-02,7122457.9514,rad
2006-10-09,6352467.597,rad
2006-10-16,6479424.2028,rad
2006-10-23,4728087.2137,rad
2006-10-30,3382330.4859,rad
2006-11-06,3465349.9467,rad
2006-11-13,2650273.0501,rad
2006-11-20,2201310.0773,rad
2006-11-27,2403171.1608,rad
2006-12-04,1778361.6278,rad
2006-12-11,1340986.4937,rad
2006-12-18,1690612.6093,rad
2006-12-25,1342804.0521,rad
2007-01-01,1426823.9516,rad
2007-01-08,1713419.3872,rad
2007-01-15,1599961.2151,rad
2007-01-22,3106328.2244,rad
2007-01-29,3134796.0997,rad
2007-02-05,3702411.9138,rad
2007-02-12,4423548.6074,rad
2007-02-19,3795644.4983,rad
2007-02-26,5782402.2646,rad
2007-03-05,6711080.9906,rad
2007-03-12,10114888.5598,rad
2007-03-19,10488406.9773,rad
2007-03-26,15662125.3494,rad
2007-04-02,14117352.1357,rad
2007-04-09,15092082.9505,rad
2007-04-16,17581672.0912,rad
2007-04-23,19414001.4237,rad
2007-04-30,22420984.7328,rad
2007-05-07,14406810.8844,rad
2007-05-14,16333746.3302,rad
2007-05-21,17627765.6764,rad
2007-05-28,15390652.5703,rad
2007-06-04,20445674.2103,rad
2007-06-11,15837606.4684,rad
2007-06-18,16682458.2278,rad
2007-06-25,15372808.8579,rad
2007-07-02,17446848.7184,rad
2007-07-09,16970104.5896,rad
2007-07-16,19756926.3003,rad
2007-07-23,14726332.4729,rad
2007-07-30,19598200.7515,rad
2007-08-06,14307568.2886,rad
2007-08-13,14929753.8377,rad
2007-08-20,13565450.4932,rad
2007-08-27,10962422.1029,rad
2007-09-03,10671464.6833,rad
2007-09-10,9481054.3271,rad
2007-09-17,8239267.5645,rad
2007-09-24,6960471.0752,rad
2007-10-01,7339791.8001,rad
2007-10-08,6911223.7548,rad
2007-10-15,5527699.3191,rad
2007-10-22,4415811.3994,rad
2007-10-29,2679627.9738,rad
2007-11-05,3712263.7632,rad
2007-11-12,3406102.6117,rad
2007-11-19,2590725.1801,rad
2007-11-26,1848905.3749,rad
2007-12-03,1886615.0909,rad
2007-12-10,2103684.9037,rad
2007-12-17,2120779.1098,rad
2007-12-24,1762653.1197,rad
2007-12-31,1998664.2204,rad
2008-01-07,1959945.8895,rad
2008-01-14,1738625.5658,rad
2008-01-21,2078431.5259,rad
2008-01-28,3086537.604,rad
2008-02-04,4354948.0231,rad
2008-02-11,6038409.8987,rad
2008-02-18,4621297.7481,rad
2008-02-25,6727104.6547,rad
2008-03-03,6482803.6359,rad
2008-03-10,7508964.0537,rad
2008-03-17,11072290.4102,rad
2008-03-24,11181098.1216,rad
2008-03-31,11398720.4882,rad
2008-04-07,15798752.3001,rad
2008-04-14,14230132.4916,rad
2008-04-21,16451948.7635,rad
2008-04-28,17827830.0782,rad
2008-05-05,24234245.4196,rad
2008-05-12,18827496.1363,rad
2008-05-19,19923389.0967,rad
2008-05-26,16453173.2915,rad
2008-06-02,19881159.2101,rad
2008-06-09,21279471.7537,rad
2008-06-16,19726899.1118,rad
2008-06-23,19744401.2321,rad
2008-06-30,20736681.6645,rad
2008-07-07,16595899.5144,rad
2008-07-14,14730104.9381,rad
2008-07-21,17651375.7931,rad
2008-07-28,18389755.3995,rad
2008-08-04,14639528.4761,rad
2008-08-11,16085406.5787,rad
2008-08-18,11358734.7918,rad
2008-08-25,12168893.7779,rad
2008-09-01,9914123.7243,rad
2008-09-08,13089162.0009,rad
2008-09-15,10956417.4493,rad
2008-09-22,8073834.8003,rad
2008-09-29,5927542.1743,rad
2008-10-06,6836804.3252,rad
2008-10-13,5517544.5115,rad
2008-10-20,5050877.6765,rad
2008-10-27,4807016.743,rad
2008-11-03,3095380.7052,rad
2008-11-10,2668537.3811,rad
2008-11-17,2436147.9114,rad
2008-11-24,1994894.425,rad
2008-12-01,2445221.0761,rad
2008-12-08,2087117.1672,rad
2008-12-15,1671770.9236,rad
2008-12-22,1901952.1028,rad
2008-12-29,2283437.7293,rad
2009-01-05,2852282.1382,rad
2009-01-12,1500988.3036,rad
2009-01-19,2348285.9891,rad
2009-01-26,4004616.1564,rad
2009-02-02,3959495.1673,rad
2009-02-09,4315540.0945,rad
2009-02-16,3819738.5733,rad
2009-02-23,3676307.7033,rad
2009-03-02,5610765.5518,rad
2009-03-09,5586384.4312,rad
2009-03-16,10785533.6851,rad
2009-03-23,8917405.8784,rad
2009-03-30,13722081.2203,rad
2009-04-06,15418521.5982,rad
2009-04-13,19214640.1481,rad
2009-04-20,18512542.152,rad
2009-04-27,14587218.3944,rad
2009-05-04,15925927.9583,rad
2009-05-11,17312876.2657,rad
2009-05-18,20873989.9584,rad
2009-05-25,22366373.6237,rad
2009-06-01,19849086.0416,rad
2009-06-08,18711591.9462,rad
2009-06-15,19773323.2947,rad
2009-06-22,21087398.7022,rad
2009-06-29,22834321.0204,rad
2009-07-06,15896258.6982,rad
2009-07-13,18334882.2023,rad
2009-07-20,16581856.5524,rad
2009-07-27,17009536.9691,rad
2009-08-03,17816299.0037,rad
2009-08-10,17654794.3713,rad
2009-08-17,17384332.9485,rad
2009-08-24,13679834.6539,rad
2009-08-31,11283256.8727,rad
2009-09-07,12389809.7316,rad
2009-09-14,11595998.4203,rad
2009-09-21,9848722.9607,rad
2009-09-28,5524479.7696,rad
2009-10-05,5511619.8664,rad
2009-10-12,7540187.8579,rad
2009-10-19,5200776.907,rad
2009-10-26,3213218.3892,rad
2009-11-02,3839309.0957,rad
2009-11-09,1529084.7267,rad
2009-11-16,2665602.866,rad
2009-11-23,1738103.6796,rad
2009-11-30,1961170.8483,rad
2009-12-07,1807649.4289,rad
2009-12-14,2020669.0881,rad
2009-12-21,2077449.1524,rad
2009-12-28,1960343.2074,rad
2010-01-04,2176977.8717,rad
2010-01-11,2370719.0685,rad
2010-01-18,2168630.2092,rad
2010-01-25,3419488.1183,rad
2010-02-01,3183860.9111,rad
2010-02-08,4433624.9174,rad
2010-02-15,5967688.2389,rad
2010-02-22,3820072.086,rad
2010-03-01,9241170.2798,rad
2010-03-08,8008976.3641,rad
2010-03-15,7219276.6443,rad
2010-03-22,11058922.5231,rad
2010-03-29,12334384.1196,rad
2010-04-05,13274319.6473,rad
2010-04-12,19189992.0224,rad
2010-04-19,19420169.2719,rad
2010-04-26,15131342.3724,rad
2010-05-03,12155949.7513,rad
2010-05-10,14075684.6217,rad
2010-05-17,23881121.1978,rad
2010-05-24,18064932.7016,rad
2010-05-31,23229182.556,rad
2010-06-07,14749453.8045,rad
2010-06-14,19153736.0042,rad
2010-06-21,23529144.7464,rad
2010-06-28,22356230.7433,rad
2010-07-05,23176031.276,rad
2010-07-12,19989600.2186,rad
2010-07-19,20138232.9113,rad
2010-07-26,15164078.0557,rad
2010-08-02,15300781.8994,rad
2010-08-09,17381652.0038,rad
2010-08-16,13155731.0876,rad
2010-08-23,10515008.002,rad
2010-08-30,12762787.1056,rad
2010-09-06,9704999.2887,rad
2010-09-13,8463211.6157,rad
2010-09-20,8149654.6809,rad
2010-09-27,6051546.9862,rad
2010-10-04,7989621.0814,rad
2010-10-11,6164730.0448,rad
2010-10-18,5479722.2467,rad
2010-10-25,3351189.1806,rad
2010-11-01,2988704.658,rad
2010-11-08,2400493.0968,rad
2010-11-15,2521207.411,rad
2010-11-22,3048168.2758,rad
2010-11-29,2380354.6085,rad
2010-12-06,1842170.9415,rad
2010-12-13,2053249.0169,rad
2010-12-20,2172762.0843,rad
2010-12-27,2149670.8222,rad
2011-01-03,1770080.2446,rad
2011-01-10,1259606.1735,rad
2011-01-17,2260179.486,rad
2011-01-24,3363277.0304,rad
2011-01-31,2249178.2105,rad
2011-02-07,3919378.4952,rad
2011-02-14,5721448.988,rad
2011-02-21,4563177.4282,rad
2011-02-28,8215195.8748,rad
2011-03-07,9142871.0436,rad
2011-03-14,9806823.6796,rad
2011-03-21,12962371.5283,rad
2011-03-28,10930371.8081,rad
2011-04-04,13660977.4923,rad
2011-04-11,15876036.5865,rad
2011-04-18,20541526.7869,rad
2011-04-25,21298446.7565,rad
2011-05-02,22047441.7729,rad
2011-05-09,19286952.063,rad
2011-05-16,14828899.5583,rad
2011-05-23,18832987.9514,rad
2011-05-30,21950478.9951,rad
2011-06-06,17170118.4367,rad
2011-06-13,15055611.4674,rad
2011-06-20,15586656.7206,rad
2011-06-27,19120230.6268,rad
2011-07-04,19592079.5543,rad
2011-07-11,14779263.7906,rad
2011-07-18,13944256.4213,rad
2011-07-25,15209089.7257,rad
2011-08-01,17761973.3895,rad
2011-08-08,11171271.829,rad
2011-08-15,15780181.0626,rad
2011-08-22,12101989.6662,rad
2011-08-29,11885993.1541,rad
2011-09-05,8559361.3071,rad
2011-09-12,9772882.1453,rad
2011-09-19,9167695.2059,rad
2011-09-26,10870741.151,rad
2011-10-03,6362433.5095,rad
2011-10-10,6011480.0893,rad
2011-10-17,6815831.6848,rad
2011-10-24,5301433.4379,rad
2011-10-31,4592703.3697,rad
2011-11-07,3929503.8763,rad
2011-11-14,2840575.011,rad
2011-11-21,1850526.4473,rad
2011-11-28,2226514.1667,rad
2011-12-05,2016622.4911,rad
2011-12-12,1503199.9411,rad
2011-12-19,1689678.8698,rad
2011-12-26,1370547.2123,rad
2012-01-02,1963899.8997,rad
2012-01-09,2211545.9466,rad
2012-01-16,2271050.7638,rad
2012-01-23,3201980.8136,rad
2012-01-30,4987951.5067,rad
2012-02-06,4694980.8535,rad
2012-02-13,4375649.4641,rad
2012-02-20,5272596.7845,rad
2012-02-27,3583227.6409,rad
2012-03-05,6810121.5952,rad
2012-03-12,8070518.3526,rad
2012-03-19,12132040.8725,rad
2012-03-26,11341819.2208,rad
2012-04-02,12067679.1667,rad
2012-04-09,12983810.4177,rad
2012-04-16,15720483.6453,rad
2012-04-23,14123855.4404,rad
2012-04-30,15121640.2794,rad
2012-05-07,14204223.9035,rad
2012-05-14,18960385.758,rad
2012-05-21,24919536.8468,rad
2012-05-28,14306888.4799,rad
2012-06-04,14775515.6169,rad
2012-06-11,17647954.4027,rad
2012-06-18,15676418.0959,rad
2012-06-25,18587363.3643,rad
2012-07-02,18830762.5232,rad
2012-07-09,16136463.352,rad
2012-07-16,17223519.8177,rad
2012-07-23,21991877.2583,rad
2012-07-30,17488590.563,rad
2012-08-06,16936806.4026,rad
2012-08-13,19499767.2497,rad
2012-08-20,13930293.1492,rad
2012-08-27,11814071.9142,rad
2012-09-03,12795794.7931,rad
2012-09-10,9394445.772,rad
2012-09-17,9635958.9727,rad
2012-09-24,7692419.2828,rad
2012-10-01,6347262.2837,rad
2012-10-08,6519886.2202,rad
2012-10-15,4721074.7185,rad
2012-10-22,5389143.7233,rad
2012-10-29,3930649.8228,rad
2012-11-05,3582015.0807,rad
2012-11-12,2878058.1457,rad
2012-11-19,2349409.471,rad
2012-11-26,2748630.9963,rad
2012-12-03,2325867.9135,rad
2012-12-10,1850066.9019,rad
2012-12-17,1079411.6674,rad
2012-12-24,1703127.458,rad
2012-12-31,1443305.1128,rad
2013-01-07,1892911.7991,rad
2013-01-14,2765356.1365,rad
2013-01-21,2896344.2959,rad
2013-01-28,3292415.3539,rad
2013-02-04,5182674.4878,rad
2013-02-11,4426991.5932,rad
2013-02-18,4760214.5132,rad
2013-02-25,6111861.9448,rad
2013-03-04,6942939.5482,rad
2013-03-11,9934178.7599,rad
2013-03-18,10498709.0414,rad
2013-03-25,13366736.6962,rad
2013-04-01,14886134.8791,rad
2013-04-08,10095769.7896,rad
2013-04-15,15690185.4017,rad
2013-04-22,14861894.4299,rad
2013-04-29,19382859.0193,rad
2013-05-06,16897510.0804,rad
2013-05-13,11885446.244,rad
2013-05-20,13426654.0604,rad
2013-05-27,20241802.7806,rad
2013-06-03,22485636.7937,rad
2013-06-10,17662389.6579,rad
2013-06-17,15602674.2735,rad
2013-06-24,15689095.0038,rad
2013-07-01,20444273.5653,rad
2013-07-08,19160246.7636,rad
2013-07-15,23307587.6421,rad
2013-07-22,18041178.2938,rad
2013-07-29,18592895.513,rad
2013-08-05,16821190.5028,rad
2013-08-12,15472217.8045,rad
2013-08-19,14986969.4799,rad
2013-08-26,13890907.7092,rad
2013-09-02,10036004.5938,rad
2013-09-09,8178260.3084,rad
2013-09-16,9478368.6947,rad
2013-09-23,9558054.7377,rad
2013-09-30,10134266.7111,rad
2013-10-07,5658048.1989,rad
2013-10-14,5642019.8429,rad
2013-10-21,5299220.0088,rad
2013-10-28,4048270.2255,rad
2013-11-04,3945915.4394,rad
2013-11-11,2519850.0275,rad
2013-11-18,2481608.6009,rad
2013-11-25,1811738.7636,rad
2013-12-02,1590026.4621,rad
2013-12-09,2014000.9172,rad
2013-12-16,1503620.4982,rad
2013-12-23,1690509.8393,rad
2013-12-30,2024430.705,rad
2014-01-06,2099848.9265,rad
2014-01-13,2217535.5542,rad
2014-01-20,1661956.4364,rad
2014-01-27,4371837.1882,rad
2014-02-03,3409547.7969,rad
2014-02-10,5050215.0068,rad
2014-02-17,5377974.283,rad
2014-02-24,6981749.4653,rad
2014-03-03,9601354.6434,rad
2014-03-10,10461428.2148,rad
2014-03-17,9124318.4317,rad
2014-03-24,14480031.6703,rad
2014-03-31,11586786.3879,rad
2014-04-07,11952348.3354,rad
2014-04-14,17266392.8712,rad
2014-04-21,13923662.0748,rad
2014-04-28,15827722.0319,rad
2014-05-05,12781287.505,rad
2014-05-12,19762798.8599,rad
2014-05-19,20320978.4308,rad
2014-05-26,15862435.514,rad
2014-06-02,21056059.6171,rad
2014-06-09,21068017.4243,rad
2014-06-16,16987766.0607,rad
2014-06-23,18507966.3589,rad
2014-06-30,21219524.3223,rad
2014-07-07,17224147.5592,rad
2014-07-14,20306210.0787,rad
2014-07-21,16272251.012,rad
2014-07-28,19891730.2442,rad
2014-08-04,16679386.0364,rad
2014-08-11,14304701.6434,rad
2014-08-18,14820461.3603,rad
2014-08-25,13945707.3659,rad
2014-09-01,13726911.3484,rad
2014-09-08,10591235.6628,rad
2014-09-15,11274336.3567,rad
2014-09-22,8239556.6245,rad
2014-09-29,7368173.0709,rad
2014-10-06,7172572.1458,rad
2014-10-13,5454995.5689,rad
2014-10-20,4147130.4615,rad
2014-10-27,4616801.2829,rad
2014-11-03,4064909.2778,rad
2014-11-10,2876662.1753,rad
2014-11-17,2789927.641,rad
2014-11-24,2745562.2846,rad
2014-12-01,1853916.6825,rad
2014-12-08,2202394.6961,rad
2014-12-15,1387653.8135,rad
2014-12-22,1704632.5612,rad
2014-12-29,2111942.5458,rad
2015-01-05,1562395.8392,rad
2015-01-12,1788205.3984,rad
2015-01-19,3033622.0959,rad
2015-01-26,3104186.8634,rad
2015-02-02,4914333.7827,rad
2015-02-09,4439678.8091,rad
2015-02-16,5565349.9045,rad
2015-02-23,6328999.1347,rad
2015-03-02,8267860.774,rad
2015-03-09,9491168.1837,rad
2015-03-16,11874236.03,rad
2015-03-23,7408034.3724,rad
2015-03-30,13840080.4978,rad
2015-04-06,14046028.7962,rad
2015-04-13,17709645.599,rad
2015-04-20,15599973.2547,rad
2015-04-27,17279544.273,rad
2015-05-04,17764048.3272,rad
2015-05-11,16958674.519,rad
2015-05-18,18939100.6717,rad
2015-05-25,16420927.5668,rad
2015-06-01,21319393.1178,rad
2015-06-08,19508328.2543,rad
2015-06-15,16960662.5678,rad
2015-06-22,17884213.4333,rad
2015-06-29,23676215.3933,rad
2015-07-06,18348734.1078,rad
2015-07-13,14289959.5674,rad
2015-07-20,17721851.1364,rad
2015-07-27,17637053.8843,rad
2015-08-03,19651900.2612,rad
2015-08-10,13719427.1293,rad
2015-08-17,15373183.002,rad
2015-08-24,12175230.6722,rad
2015-08-31,11576920.6563,rad
2015-09-07,11562319.8066,rad
2015-09-14,9061794.9236,rad
2015-09-21,8610264.9434,rad
2015-09-28,10998971.6506,rad
2015-10-05,7211224.7831,rad
2015-10-12,3652009.9593,rad
2015-10-19,4262795.7207,rad
2015-10-26,4753243.7028,rad
2015-11-02,3615552.4434,rad
2015-11-09,2647427.5241,rad
2015-11-16,2627900.7344,rad
2015-11-23,2612913.8482,rad
2015-11-30,1809275.5053,rad
2015-12-07,2264384.4339,rad
2015-12-14,1495224.2145,rad
2015-12-21,1487927.2822,rad
2015-12-28,1995254.321,rad
2016-01-04,1894983.7162,rad
2016-01-11,2340730.6404,rad
2016-01-18,3164644.5738,rad
2016-01-25,2548543.5296,rad
2016-02-01,2802807.7374,rad
2016-02-08,4406563.6617,rad
2016-02-15,5639830.5307,rad
2016-02-22,7731559.0248,rad
2016-02-29,6706692.412,rad
2016-03-07,10313182.0192,rad
2016-03-14,8221625.2518,rad
2016-03-21,7711038.1731,rad
2016-03-28,12236093.4468,rad
2016-04-04,12493223.0606,rad
2016-04-11,15779681.2013,rad
2016-04-18,17977825.5318,rad
2016-04-25,16236005.7021,rad
2016-05-02,22638675.294,rad
2016-05-09,21995333.5072,rad
2016-05-16,15625961.9002,rad
2016-05-23,13910247.5949,rad
2016-05-30,20398446.6004,rad
2016-06-06,19147804.1924,rad
2016-06-13,17261854.421,rad
2016-06-20,14466864.4395,rad
2016-06-27,15824261.0952,rad
2016-07-04,18871105.1185,rad
2016-07-11,17571481.1542,rad
2016-07-18,21264016.4656,rad
2016-07-25,16513417.9086,rad
2016-08-01,14734044.9051,rad
2016-08-08,13459878.131,rad
2016-08-15,17319629.5393,rad
2016-08-22,15154127.7944,rad
2016-08-29,13301506.6666,rad
2016-09-05,14763782.7966,rad
2016-09-12,12925857.6997,rad
2016-09-19,11050353.4511,rad
2016-09-26,9061162.1854,rad
2016-10-03,7118414.9268,rad
2016-10-10,5264438.273,rad
2016-10-17,5173600.9845,rad
2016-10-24,4466716.2252,rad
2016-10-31,3997789.2291,rad
2016-11-07,3581063.433,rad
2016-11-14,2229162.2506,rad
2016-11-21,2896743.1013,rad
2016-11-28,2683267.451,rad
2016-12-05,1894635.7298,rad
2016-12-12,1495609.5335,rad
2016-12-19,1500666.425,rad
2016-12-26,2062297.8443,rad
2017-01-02,2076663.9605,rad
2017-01-09,2538945.3751,rad
2017-01-16,3086340.8841,rad
2017-01-23,3522021.569,rad
2017-01-30,3218548.726,rad
2017-02-06,3745935.3374,rad
2017-02-13,5299768.473,rad
2017-02-20,3901347.1854,rad
2017-02-27,6596952.2251,rad
2017-03-06,7103272.724,rad
2017-03-13,9574250.52,rad
2017-03-20,12464283.6238,rad
2017-03-27,12762409.3468,rad
2017-04-03,13295872.4009,rad
2017-04-10,13158827.9053,rad
2017-04-17,16458662.0477,rad
2017-04-24,18118448.3006,rad
2017-05-01,11945731.4287,rad
2017-05-08,17169865.5658,rad
2017-05-15,16336603.7919,rad
2017-05-22,22854071.7669,rad
2017-05-29,22042670.9504,rad
2017-06-05,14336257.6858,rad
2017-06-12,19725007.3649,rad
2017-06-19,17687216.125,rad
2017-06-26,14152571.441,rad
2017-07-03,21026999.8468,rad
2017-07-10,15728500.8429,rad
2017-07-17,19237884.7486,rad
2017-07-24,13870895.0206,rad
2017-07-31,16733584.2578,rad
2017-08-07,14782741.2549,rad
2017-08-14,13600163.8407,rad
2017-08-21,16595001.4445,rad
2017-08-28,13252900.8151,rad
2017-09-04,9608901.2778,rad
2017-09-11,10007279.593,rad
2017-09-18,10070623.8614,rad
2017-09-25,6576269.3328,rad
2017-10-02,6352854.9119,rad
2017-10-09,5905993.5756,rad
2017-10-16,5895295.7395,rad
2017-10-23,3655139.6951,rad
2017-10-30,3946766.9231,rad
2017-11-06,3348823.4183,rad
2017-11-13,2330602.2912,rad
2017-11-20,1972950.6563,rad
2017-11-27,2162921.7343,rad
2017-12-04,1814115.9017,rad
2017-12-11,1941971.2846,rad
2017-12-18,1126946.2639,rad
2017-12-25,1407583.5101,rad
2018-01-01,2178146.906,rad
2018-01-08,2298169.8704,rad
2018-01-15,2545336.4774,rad
2018-01-22,2426285.3754,rad
2018-01-29,2853236.6028,rad
2018-02-05,5543132.2718,rad
2018-02-12,6191333.6086,rad
2018-02-19,7527701.6724,rad
2018-02-26,9827378.7144,rad
2018-03-05,7314563.1215,rad
2018-03-12,9180317.047,rad
2018-03-19,9821721.459,rad
2018-03-26,10173397.1278,rad
2018-04-02,12844309.2023,rad
2018-04-09,12323669.7647,rad
2018-04-16,19984537.1904,rad
2018-04-23,14361357.1797,rad
2018-04-30,19277292.886,rad
2018-05-07,20240999.8008,rad
2018-05-14,20454300.6505,rad
2018-05-21,22698531.5975,rad
2018-05-28,19290608.4327,rad
2018-06-04,20618762.0535,rad
2018-06-11,17042403.3297,rad
2018-06-18,14467175.9839,rad
2018-06-25,24334664.339,rad
2018-07-02,24806422.8463,rad
2018-07-09,20463201.0067,rad
2018-07-16,22027799.5493,rad
2018-07-23,21430305.3816,rad
2018-07-30,20998468.3464,rad
2018-08-06,16711323.1923,rad
2018-08-13,14388082.6754,rad
2018-08-20,13974110.8902,rad
2018-08-27,14268949.2779,rad
2018-09-03,12419643.1612,rad
2018-09-10,9336819.0953,rad
2018-09-17,10141935.4073,rad
2018-09-24,10665453.4088,rad
2018-10-01,8303904.3125,rad
2018-10-08,9618611.0605,rad
2018-10-15,7122970.9708,rad
2018-10-22,4111579.2111,rad
2018-10-29,4792731.5837,rad
2018-11-05,3935416.1759,rad
2018-11-12,4138880.1403,rad
2018-11-19,2346713.9939,rad
2018-11-26,1871463.6244,rad
2018-12-03,1826418.5247,rad
2018-12-10,2140454.8035,rad
2018-12-17,1151816.5225,rad
2018-12-24,1432137.7926,rad
2018-12-31,1786177.0326,rad
2019-01-07,1374384.6996,rad
2019-01-14,2725154.1081,rad
2019-01-21,2472226.4912,rad
2019-01-28,3406622.9061,rad
2019-02-04,2728371.2951,rad
2019-02-11,6495778.4056,rad
2019-02-18,6040293.4596,rad
2019-02-25,7061708.0859,rad
2019-03-04,6399916.7582,rad
2019-03-11,5129971.8968,rad
2019-03-18,9516377.4863,rad
2019-03-25,11411320.5177,rad
2019-04-01,11840210.3316,rad
2019-04-08,16844323.7155,rad
2019-04-15,21140433.6381,rad
2019-04-22,16497915.2931,rad
2019-04-29,15813908.1183,rad
2019-05-06,18327911.8407,rad
2019-05-13,19739849.9373,rad
2019-05-20,16976672.1533,rad
2019-05-27,19895135.3821,rad
2019-06-03,18183732.7865,rad
2019-06-10,17751620.1979,rad
2019-06-17,21908081.5379,rad
2019-06-24,24090736.6813,rad
2019-07-01,17906491.6496,rad
2019-07-08,15192739.2422,rad
2019-07-15,16371081.5363,rad
2019-07-22,23116649.4728,rad
2019-07-29,17130907.6305,rad
2019-08-05,15671159.2947,rad
2019-08-12,13265484.719,rad
2019-08-19,18481542.143,rad
2019-08-26,16800539.4461,rad
2019-09-02,10847417.2482,rad
2019-09-09,11578932.5139,rad
2019-09-16,11224362.1874,rad
2019-09-23,5981349.1757,rad
2019-09-30,7064145.5063,rad
2019-10-07,5420723.5181,rad
2019-10-14,5226140.8499,rad
2019-10-21,4558539.7234,rad
2019-10-28,5178770.3125,rad
2019-11-04,3757248.2037,rad
2019-11-11,2847905.2834,rad
2019-11-18,2495928.0403,rad
2019-11-25,1977891.6187,rad
2019-12-02,1723353.3588,rad
2019-12-09,2119853.2885,rad
2019-12-16,1759852.2484,rad
2019-12-23,1826046.7851,rad
2019-12-30,1772207.7825,rad
2020-01-06,1518396.7947,rad
2020-01-13,2361435.3502,rad
2020-01-20,2251920.3724,rad
2020-01-27,1880338.3151,rad
2020-02-03,3746791.8789,rad
2020-02-10,3573774.1125,rad
2020-02-17,4233935.1945,rad
2020-02-24,6336883.6161,rad
2020-03-02,6637632.9829,rad
2020-03-09,8336907.5213,rad
2020-03-16,9283386.4574,rad
2020-03-23,16123325.5558,rad
2020-03-30,13866660.2182,rad
2020-04-06,18286543.4916,rad
2020-04-13,18972258.9795,rad
2020-04-20,21441748.0551,rad
2020-04-27,15217891.5408,rad
2020-05-04,22201745.4472,rad
2020-05-11,19042742.3765,rad
2020-05-18,17148516.2266,rad
2020-05-25,23898412.1205,rad
2020-06-01,19792033.3804,rad
2020-06-08,14915695.7712,rad
2020-06-15,16004749.4667,rad
2020-06-22,24377333.4806,rad
2020-06-29,12643097.9084,rad
2020-07-06,14579939.8136,rad
2020-07-13,16445771.0213,rad
2020-07-20,18220092.8673,rad
2020-07-27,18300680.5491,rad
2020-08-03,20906635.5337,rad
2020-08-10,18137547.4246,rad
2020-08-17,13786693.3119,rad
2020-08-24,10982192.3077,rad
2020-08-31,12141921.4954,rad
2020-09-07,9158181.2775,rad
2020-09-14,15044305.4068,rad
2020-09-21,9857091.2614,rad
2020-09-28,5573608.6,rad
2020-10-05,5746251.3753,rad
2020-10-12,6286702.2983,rad
2020-10-19,4235508.3481,rad
2020-10-26,3979850.1598,rad
2020-11-02,4362771.5525,rad
2020-11-09,2779176.017,rad
2020-11-16,2472600.3944,rad
2020-11-23,2311520.4312,rad
2020-11-30,1421462.7233,rad
2020-12-07,1406592.7123,rad
2020-12-14,1790019.9539,rad
2020-12-21,1324968.4088,rad
2020-12-28,1794176.0952,rad
2021-01-04,1753213.7576,rad
2021-01-11,2343717.4986,rad
2021-01-18,2430500.2327,rad
2021-01-25,2937086.1446,rad
2021-02-01,2181109.682,rad
2021-02-08,6340965.689,rad
2021-02-15,5345398.9421,rad
2021-02-22,6998600.9431,rad
2021-03-01,7799899.8144,rad
2021-03-08,6988627.4133,rad
2021-03-15,9202804.5915,rad
2021-03-22,9721465.7296,rad
2021-03-29,14117530.8191,rad
2021-04-05,12649623.4485,rad
2021-04-12,18919406.9883,rad
2021-04-19,17164876.6501,rad
2021-04-26,18094889.59,rad
2021-05-03,16245079.0648,rad
2021-05-10,15464346.4009,rad
2021-05-17,17477889.2528,rad
2021-05-24,17532644.3449,rad
2021-05-31,19965452.0098,rad
2021-06-07,23530207.1131,rad
2021-06-14,23612964.3087,rad
2021-06-21,16680687.9885,rad
2021-06-28,15232894.5894,rad
2021-07-05,17302129.362,rad
2021-07-12,16110743.8295,rad
2021-07-19,18269832.235,rad
2021-07-26,16399323.8547,rad
2021-08-02,17507888.4691,rad
2021-08-09,16096782.7895,rad
2021-08-16,11259502.6057,rad
2021-08-23,13971971.6806,rad
2021-08-30,13659658.1145,rad
2021-09-06,12699574.4752,rad
2021-09-13,10585761.9399,rad
2021-09-20,8692526.4013,rad
2021-09-27,6758163.2237,rad
2021-10-04,8677221.5909,rad
2021-10-11,6294689.406,rad
2021-10-18,4274583.2957,rad
2021-10-25,4549774.5956,rad
2021-11-01,4259168.53,rad
2021-11-08,2631583.579,rad
2021-11-15,2408676.7438,rad
2021-11-22,2489209.7987,rad
2021-11-29,1816009.9531,rad
2021-12-06,2011951.2526,rad
2021-12-13,1241388.7061,rad
2021-12-20,1899204.5542,rad
2021-12-27,958002.3364,rad
2022-01-03,2298836.486,rad
2022-01-10,2216053.5149,rad
2022-01-17,2209716.8497,rad
2022-01-24,2976338.7715,rad
2022-01-31,2486792.6765,rad
2022-02-07,4290902.7783,rad
2022-02-14,3964404.3244,rad
2022-02-21,6434215.3704,rad
2022-02-28,10135813.403,rad
2022-03-07,11602720.133,rad
2022-03-14,10805967.6252,rad
2022-03-21,14872305.4082,rad
2022-03-28,10634835.3868,rad
2022-04-04,10082368.1635,rad
2022-04-11,16528055.7968,rad
2022-04-18,21173069.0231,rad
2022-04-25,15031985.774,rad
2022-05-02,18541866.7889,rad
2022-05-09,19528395.6191,rad
2022-05-16,18026327.6287,rad
2022-05-23,18042700.8886,rad
2022-05-30,20576924.9364,rad
2022-06-06,18057813.933,rad
2022-06-13,19956502.2549,rad
2022-06-20,21109838.6709,rad
2022-06-27,19093070.0324,rad
2022-07-04,15712995.4956,rad
2022-07-11,19270226.2425,rad
2022-07-18,20229002.3226,rad
2022-07-25,16320360.1545,rad
2022-08-01,18626018.6138,rad
2022-08-08,21029874.5556,rad
2022-08-15,15504564.9201,rad
2022-08-22,16350207.1324,rad
2022-08-29,15887281.2312,rad
2022-09-05,11124505.1171,rad
2022-09-12,10705372.2503,rad
2022-09-19,9884279.9312,rad
2022-09-26,8280837.9049,rad
2022-10-03,9860110.2171,rad
2022-10-10,5970975.1425,rad
2022-10-17,5237470.4599,rad
2022-10-24,5504752.7588,rad
2022-10-31,4614619.8331,rad
2022-11-07,3728878.2657,rad
2022-11-14,2642385.5923,rad
2022-11-21,2558585.2252,rad
2022-11-28,1594498.0728,rad
2022-12-05,1918581.0613,rad
2022-12-12,2307048.2579,rad
2022-12-19,1384397.3964,rad
2022-12-26,1535290.3697,rad
2023-01-02,2224685.728,rad
2023-01-09,1745831.6926,rad
2023-01-16,2964762.2986,rad
2023-01-23,2641677.587,rad
2023-01-30,2981945.088,rad
2023-02-06,4613959.6887,rad
2023-02-13,4557525.7858,rad
2023-02-20,5042428.6355,rad
2023-02-27,7510149.5174,rad
2023-03-06,6777400.2918,rad
2023-03-13,8356685.8957,rad
2023-03-20,7943607.5428,rad
2023-03-27,9475148.0102,rad
2023-04-03,14300723.0282,rad
2023-04-10,12506053.6703,rad
2023-04-17,16878969.1328,rad
2023-04-24,15547816.2463,rad
2023-05-01,16455686.9681,rad
2023-05-08,16180178.8314,rad
2023-05-15,19472554.2857,rad
2023-05-22,20922049.1325,rad
2023-05-29,22238347.3272,rad
2023-06-05,26276818.0431,rad
2023-06-12,25398707.665,rad
2023-06-19,22459049.4767,rad
2023-06-26,15561475.4167,rad
2023-07-03,21662397.2985,rad
2023-07-10,20351816.3718,rad
2023-07-17,16439899.147,rad
2023-07-24,15404933.0273,rad
2023-07-31,13298792.7053,rad
2023-08-07,16003372.2533,rad
2023-08-14,15930342.5502,rad
2023-08-21,14517316.7215,rad
2023-08-28,13183876.0566,rad
2023-09-04,17061292.4503,rad
2023-09-11,11750388.2461,rad
2023-09-18,8545853.273,rad
2023-09-25,8741898.2516,rad
2023-10-02,6100915.0247,rad
2023-10-09,5543715.2264,rad
2023-10-16,4951352.8112,rad
2023-10-23,4372180.9764,rad
2023-10-30,3518944.1916,rad
2023-11-06,3448018.4467,rad
2023-11-13,2671997.3865,rad
2023-11-20,2332270.7644,rad
2023-11-27,2621524.5053,rad
2023-12-04,1704709.386,rad
2023-12-11,1455766.0107,rad
2023-12-18,939335.6912,rad
2023-12-25,1579981.6607,rad
1999-12-27,44.0727,fpar
2000-01-03,44.0727,fpar
2000-01-10,44.0727,fpar
2000-01-17,44.0727,fpar
2000-01-24,44.0727,fpar
2000-01-31,44.0727,fpar
2000-02-07,44.0727,fpar
2000-02-14,44.0727,fpar
2000-02-21,44.0727,fpar
2000-02-28,44.0727,fpar
2000-03-06,44.0727,fpar
2000-03-13,44.0727,fpar
2000-03-20,44.0727,fpar
2000-03-27,44.0727,fpar
2000-04-03,44.0727,fpar
2000-04-10,44.0727,fpar
2000-04-17,44.0727,fpar
2000-04-24,44.0727,fpar
2000-05-01,44.0727,fpar
2000-05-08,44.0727,fpar
2000-05-15,44.0727,fpar
2000-05-22,44.0727,fpar
2000-05-29,44.0727,fpar
2000-06-05,44.0727,fpar
2000-06-12,44.0727,fpar
2000-06-19,44.0727,fpar
2000-06-26,44.0727,fpar
2000-07-03,44.0727,fpar
2000-07-10,44.0727,fpar
2000-07-17,44.0727,fpar
2000-07-24,44.0727,fpar
2000-07-31,44.0727,fpar
2000-08-07,44.0727,fpar
2000-08-14,44.0727,fpar
2000-08-21,44.0727,fpar
2000-08-28,44.0727,fpar
2000-09-04,44.0727,fpar
2000-09-11,44.0727,fpar
2000-09-18,44.0727,fpar
2000-09-25,44.0727,fpar
2000-10-02,44.0727,fpar
2000-10-09,44.0727,fpar
2000-10-16,44.0727,fpar
2000-10-23,44.0727,fpar
2000-10-30,44.0727,fpar
2000-11-06,44.0727,fpar
2000-11-13,44.0727,fpar
2000-11-20,44.0727,fpar
2000-11-27,44.0727,fpar
2000-12-04,44.0727,fpar
2000-12-11,44.0727,fpar
2000-12-18,44.0727,fpar
2000-12-25,44.0727,fpar
2001-01-01,43.6807,fpar
2001-01-08,42.7376,fpar
2001-01-15,41.6192,fpar
2001-01-22,40.3123,fpar
2001-01-29,38.894,fpar
2001-02-05,37.5298,fpar
2001-02-12,36.4579,fpar
2001-02-19,35.6762,fpar
2001-02-26,35.2321,fpar
2001-03-05,35.1695,fpar
2001-03-12,35.6132,fpar
2001-03-19,36.5753,fpar
2001-03-26,38.1931,fpar
2001-04-02,40.408,fpar
2001-04-09,43.1581,fpar
2001-04-16,46.3717,fpar
2001-04-23,49.6777,fpar
2001-04-30,53.0141,fpar
2001-05-07,56.3607,fpar
2001-05-14,59.673,fpar
2001-05-21,62.9165,fpar
2001-05-28,66.0656,fpar
2001-06-04,69.0305,fpar
2001-06-11,71.7489,fpar
2001-06-18,74.1069,fpar
2001-06-25,75.8477,fpar
2001-07-02,76.9083,fpar
2001-07-09,77.3224,fpar
2001-07-16,76.9627,fpar
2001-07-23,76.1215,fpar
2001-07-30,74.974,fpar
2001-08-06,73.4067,fpar
2001-08-13,71.7563,fpar
2001-08-20,69.9295,fpar
2001-08-27,67.764,fpar
2001-09-03,65.6103,fpar
2001-09-10,63.6065,fpar
2001-09-17,61.9284,fpar
2001-09-24,60.4744,fpar
2001-10-01,59.0726,fpar
2001-10-08,57.6942,fpar
2001-10-15,56.5226,fpar
2001-10-22,55.5659,fpar
2001-10-29,54.7221,fpar
2001-11-05,53.7351,fpar
2001-11-12,52.8311,fpar
2001-11-19,51.9196,fpar
2001-11-26,50.6925,fpar
2001-12-03,49.3448,fpar
2001-12-10,47.9293,fpar
2001-12-17,46.4754,fpar
2001-12-24,45.2124,fpar
2001-12-31,44.0882,fpar
2002-01-07,43.1668,fpar
2002-01-14,42.4344,fpar
2002-01-21,41.9397,fpar
2002-01-28,41.6877,fpar
2002-02-04,41.3628,fpar
2002-02-11,41.0108,fpar
2002-02-18,40.6946,fpar
2002-02-25,40.6696,fpar
2002-03-04,40.8699,fpar
2002-03-11,41.2692,fpar
2002-03-18,41.9357,fpar
2002-03-25,43.0264,fpar
2002-04-01,44.3522,fpar
2002-04-08,45.9766,fpar
2002-04-15,48.0767,fpar
2002-04-22,50.4706,fpar
2002-04-29,53.1287,fpar
2002-05-06,56.1545,fpar
2002-05-13,59.2715,fpar
2002-05-20,62.3651,fpar
2002-05-27,65.3404,fpar
2002-06-03,68.1096,fpar
2002-06-10,70.6209,fpar
2002-06-17,72.7169,fpar
2002-06-24,74.194,fpar
2002-07-01,75.1586,fpar
2002-07-08,75.5588,fpar
2002-07-15,75.3047,fpar
2002-07-22,74.6031,fpar
2002-07-29,73.6241,fpar
2002-08-05,72.5122,fpar
2002-08-12,71.2332,fpar
2002-08-19,69.8554,fpar
2002-08-26,68.5143,fpar
2002-09-02,67.1596,fpar
2002-09-09,65.7574,fpar
2002-09-16,64.2211,fpar
2002-09-23,62.3929,fpar
2002-09-30,60.3529,fpar
2002-10-07,58.1081,fpar
2002-10-14,55.6128,fpar
2002-10-21,53.2052,fpar
2002-10-28,51.0044,fpar
2002-11-04,48.7935,fpar
2002-11-11,46.6077,fpar
2002-11-18,44.4299,fpar
2002-11-25,42.074,fpar
2002-12-02,39.7309,fpar
2002-12-09,37.4016,fpar
2002-12-16,35.0349,fpar
2002-12-23,33.4843,fpar
2002-12-30,32.5248,fpar
2003-01-06,32.3593,fpar
2003-01-13,32.5947,fpar
2003-01-20,32.9269,fpar
2003-01-27,33.1273,fpar
2003-02-03,33.0249,fpar
2003-02-10,32.8719,fpar
2003-02-17,32.9144,fpar
2003-02-24,33.0692,fpar
2003-03-03,33.8161,fpar
2003-03-10,34.9477,fpar
2003-03-17,36.4193,fpar
2003-03-24,38.6311,fpar
2003-03-31,41.2802,fpar
2003-04-07,44.4845,fpar
2003-04-14,48.1931,fpar
2003-04-21,52.0994,fpar
2003-04-28,56.0684,fpar
2003-05-05,59.9143,fpar
2003-05-12,63.4989,fpar
2003-05-19,66.775,fpar
2003-05-26,69.5928,fpar
2003-06-02,71.978,fpar
2003-06-09,73.8815,fpar
2003-06-16,75.0926,fpar
2003-06-23,75.4772,fpar
2003-06-30,75.1816,fpar
2003-07-07,74.1047,fpar
2003-07-14,72.3393,fpar
2003-07-21,70.2305,fpar
2003-07-28,67.9282,fpar
2003-08-04,65.8366,fpar
2003-08-11,64.1101,fpar
2003-08-18,62.9034,fpar
2003-08-25,62.383,fpar
2003-09-01,62.1498,fpar
2003-09-08,62.1291,fpar
2003-09-15,61.9712,fpar
2003-09-22,61.3248,fpar
2003-09-29,60.1906,fpar
2003-10-06,58.5487,fpar
2003-10-13,56.508,fpar
2003-10-20,54.3745,fpar
2003-10-27,52.4073,fpar
2003-11-03,50.8785,fpar
2003-11-10,49.626,fpar
2003-11-17,48.5574,fpar
2003-11-24,47.6071,fpar
2003-12-01,46.6695,fpar
2003-12-08,45.6894,fpar
2003-12-15,44.6011,fpar
2003-12-22,43.5028,fpar
2003-12-29,42.4416,fpar
2004-01-05,41.5732,fpar
2004-01-12,40.975,fpar
2004-01-19,40.6076,fpar
2004-01-26,40.4263,fpar
2004-02-02,40.4697,fpar
2004-02-09,40.6605,fpar
2004-02-16,40.824,fpar
2004-02-23,41.2073,fpar
2004-03-01,41.9683,fpar
2004-03-08,43.189,fpar
2004-03-15,44.9696,fpar
2004-03-22,47.2246,fpar
2004-03-29,49.8195,fpar
2004-04-05,52.7353,fpar
2004-04-12,55.6447,fpar
2004-04-19,58.3788,fpar
2004-04-26,60.6289,fpar
2004-05-03,62.4918,fpar
2004-05-10,64.1639,fpar
2004-05-17,65.7488,fpar
2004-05-24,67.1425,fpar
2004-05-31,68.4485,fpar
2004-06-07,69.6711,fpar
2004-06-14,70.8163,fpar
2004-06-21,71.7997,fpar
2004-06-28,72.5186,fpar
2004-07-05,72.7656,fpar
2004-07-12,72.6112,fpar
2004-07-19,72.1362,fpar
2004-07-26,71.384,fpar
2004-08-02,70.4802,fpar
2004-08-09,69.4998,fpar
2004-08-16,68.5905,fpar
2004-08-23,67.6873,fpar
2004-08-30,66.7311,fpar
2004-09-06,65.58,fpar
2004-09-13,64.2681,fpar
2004-09-20,62.8536,fpar
2004-09-27,61.3421,fpar
2004-10-04,59.6365,fpar
2004-10-11,57.8869,fpar
2004-10-18,56.1857,fpar
2004-10-25,54.7053,fpar
2004-11-01,53.3748,fpar
2004-11-08,52.1602,fpar
2004-11-15,50.7206,fpar
2004-11-22,49.2351,fpar
2004-11-29,47.7907,fpar
2004-12-06,46.5232,fpar
2004-12-13,45.3913,fpar
2004-12-20,44.3832,fpar
2004-12-27,43.5315,fpar
2005-01-03,42.8526,fpar
2005-01-10,42.0392,fpar
2005-01-17,40.7472,fpar
2005-01-24,39.2686,fpar
2005-01-31,37.8882,fpar
2005-02-07,36.8835,fpar
2005-02-14,36.5392,fpar
2005-02-21,36.7185,fpar
2005-02-28,37.6444,fpar
2005-03-07,39.2691,fpar
2005-03-14,41.6618,fpar
2005-03-21,44.5534,fpar
2005-03-28,47.8322,fpar
2005-04-04,51.1018,fpar
2005-04-11,54.2234,fpar
2005-04-18,57.0661,fpar
2005-04-25,59.386,fpar
2005-05-02,61.5719,fpar
2005-05-09,63.7055,fpar
2005-05-16,65.7866,fpar
2005-05-23,67.9486,fpar
2005-05-30,70.1575,fpar
2005-06-06,72.384,fpar
2005-06-13,74.2652,fpar
2005-06-20,75.6973,fpar
2005-06-27,76.4277,fpar
2005-07-04,76.4053,fpar
2005-07-11,75.8331,fpar
2005-07-18,74.7766,fpar
2005-07-25,73.579,fpar
2005-08-01,72.4911,fpar
2005-08-08,71.6278,fpar
2005-08-15,71.0592,fpar
2005-08-22,70.6628,fpar
2005-08-29,70.332,fpar
2005-09-05,69.8296,fpar
2005-09-12,69.0833,fpar
2005-09-19,68.0666,fpar
2005-09-26,66.6498,fpar
2005-10-03,64.876,fpar
2005-10-10,62.7674,fpar
2005-10-17,60.2595,fpar
2005-10-24,57.8971,fpar
2005-10-31,55.6482,fpar
2005-11-07,53.565,fpar
2005-11-14,51.6355,fpar
2005-11-21,49.7923,fpar
2005-11-28,48.0473,fpar
2005-12-05,46.5389,fpar
2005-12-12,45.2857,fpar
2005-12-19,44.2114,fpar
2005-12-26,43.1956,fpar
2006-01-02,42.098,fpar
2006-01-09,40.8982,fpar
2006-01-16,39.5539,fpar
2006-01-23,37.8507,fpar
2006-01-30,36.0829,fpar
2006-02-06,34.6699,fpar
2006-02-13,33.9046,fpar
2006-02-20,33.554,fpar
2006-02-27,33.6401,fpar
2006-03-06,34.2775,fpar
2006-03-13,35.7667,fpar
2006-03-20,37.8898,fpar
2006-03-27,40.6144,fpar
2006-04-03,43.8805,fpar
2006-04-10,47.5821,fpar
2006-04-17,51.7078,fpar
2006-04-24,55.7246,fpar
2006-05-01,59.4033,fpar
2006-05-08,62.5899,fpar
2006-05-15,65.2414,fpar
2006-05-22,67.5806,fpar
2006-05-29,69.69,fpar
2006-06-05,71.4253,fpar
2006-06-12,72.8375,fpar
2006-06-19,73.8498,fpar
2006-06-26,74.1119,fpar
2006-07-03,73.6846,fpar
2006-07-10,72.8186,fpar
2006-07-17,71.6311,fpar
2006-07-24,70.6128,fpar
2006-07-31,69.7647,fpar
2006-08-07,69.1915,fpar
2006-08-14,68.7509,fpar
2006-08-21,68.4544,fpar
2006-08-28,68.3026,fpar
2006-09-04,68.1336,fpar
2006-09-11,67.8164,fpar
2006-09-18,67.2372,fpar
2006-09-25,66.2224,fpar
2006-10-02,64.8061,fpar
2006-10-09,63.1142,fpar
2006-10-16,61.3184,fpar
2006-10-23,59.3435,fpar
2006-10-30,57.3374,fpar
2006-11-06,55.5075,fpar
2006-11-13,53.9774,fpar
2006-11-20,52.5275,fpar
2006-11-27,50.9819,fpar
2006-12-04,49.599,fpar
2006-12-11,48.4735,fpar
2006-12-18,47.6963,fpar
2006-12-25,47.3293,fpar
2007-01-01,47.2067,fpar
2007-01-08,47.3214,fpar
2007-01-15,47.4356,fpar
2007-01-22,47.3745,fpar
2007-01-29,47.2166,fpar
2007-02-05,47.2722,fpar
2007-02-12,47.5627,fpar
2007-02-19,48.1316,fpar
2007-02-26,49.1949,fpar
2007-03-05,50.4991,fpar
2007-03-12,51.8852,fpar
2007-03-19,53.3491,fpar
2007-03-26,54.9614,fpar
2007-04-02,56.8334,fpar
2007-04-09,58.9056,fpar
2007-04-16,61.0279,fpar
2007-04-23,63.0889,fpar
2007-04-30,65.0845,fpar
2007-05-07,66.99,fpar
2007-05-14,68.7491,fpar
2007-05-21,70.2318,fpar
2007-05-28,71.3495,fpar
2007-06-04,71.8714,fpar
2007-06-11,71.9247,fpar
2007-06-18,71.547,fpar
2007-06-25,71.0029,fpar
2007-07-02,70.3944,fpar
2007-07-09,69.7769,fpar
2007-07-16,69.2326,fpar
2007-07-23,68.8374,fpar
2007-07-30,68.5205,fpar
2007-08-06,68.2564,fpar
2007-08-13,68.1657,fpar
2007-08-20,68.1482,fpar
2007-08-27,68.1175,fpar
2007-09-03,67.9125,fpar
2007-09-10,67.4362,fpar
2007-09-17,66.5059,fpar
2007-09-24,65.1932,fpar
2007-10-01,63.6285,fpar
2007-10-08,61.835,fpar
2007-10-15,59.8558,fpar
2007-10-22,57.8153,fpar
2007-10-29,55.719,fpar
2007-11-05,53.4233,fpar
2007-11-12,51.1479,fpar
2007-11-19,48.915,fpar
2007-11-26,46.7033,fpar
2007-12-03,44.8301,fpar
2007-12-10,43.2788,fpar
2007-12-17,42.1312,fpar
2007-12-24,41.3934,fpar
2007-12-31,41.0312,fpar
2008-01-07,41.2881,fpar
2008-01-14,41.9998,fpar
2008-01-21,42.6955,fpar
2008-01-28,43.2025,fpar
2008-02-04,43.6401,fpar
2008-02-11,43.961,fpar
2008-02-18,44.14,fpar
2008-02-25,44.2504,fpar
2008-03-03,44.5422,fpar
2008-03-10,45.0833,fpar
2008-03-17,46.0141,fpar
2008-03-24,47.3747,fpar
2008-03-31,49.0641,fpar
2008-04-07,51.2484,fpar
2008-04-14,53.7825,fpar
2008-04-21,56.4204,fpar
2008-04-28,59.0415,fpar
2008-05-05,61.4713,fpar
2008-05-12,63.6544,fpar
2008-05-19,65.6209,fpar
2008-05-26,67.3888,fpar
2008-06-02,68.9193,fpar
2008-06-09,70.2102,fpar
2008-06-16,71.2249,fpar
2008-06-23,71.8866,fpar
2008-06-30,72.2641,fpar
2008-07-07,72.339,fpar
2008-07-14,72.3096,fpar
2008-07-21,72.1121,fpar
2008-07-28,71.7159,fpar
2008-08-04,71.2006,fpar
2008-08-11,70.595,fpar
2008-08-18,69.9142,fpar
2008-08-25,69.2399,fpar
2008-09-01,68.4935,fpar
2008-09-08,67.5944,fpar
2008-09-15,66.3541,fpar
2008-09-22,64.8475,fpar
2008-09-29,63.108,fpar
2008-10-06,61.102,fpar
2008-10-13,59.1287,fpar
2008-10-20,57.2834,fpar
2008-10-27,55.666,fpar
2008-11-03,54.104,fpar
2008-11-10,52.6287,fpar
2008-11-17,51.297,fpar
2008-11-24,49.9888,fpar
2008-12-01,48.6216,fpar
2008-12-08,47.1782,fpar
2008-12-15,45.7944,fpar
2008-12-22,44.4014,fpar
2008-12-29,42.9779,fpar
2009-01-05,41.4524,fpar
2009-01-12,39.9291,fpar
2009-01-19,38.442,fpar
2009-01-26,37.0356,fpar
2009-02-02,35.8285,fpar
2009-02-09,34.9801,fpar
2009-02-16,34.924,fpar
2009-02-23,35.6313,fpar
2009-03-02,37.3152,fpar
2009-03-09,39.6538,fpar
2009-03-16,42.584,fpar
2009-03-23,46.0148,fpar
2009-03-30,49.67,fpar
2009-04-06,53.3808,fpar
2009-04-13,56.7114,fpar
2009-04-20,59.6712,fpar
2009-04-27,62.1896,fpar
2009-05-04,64.556,fpar
2009-05-11,66.9126,fpar
2009-05-18,69.304,fpar
2009-05-25,71.6734,fpar
2009-06-01,73.8053,fpar
2009-06-08,75.5276,fpar
2009-06-15,76.6467,fpar
2009-06-22,77.1657,fpar
2009-06-29,77.1476,fpar
2009-07-06,76.5438,fpar
2009-07-13,75.6419,fpar
2009-07-20,74.5569,fpar
2009-07-27,73.3221,fpar
2009-08-03,72.1787,fpar
2009-08-10,71.1187,fpar
2009-08-17,70.1614,fpar
2009-08-24,69.386,fpar
2009-08-31,68.6357,fpar
2009-09-07,67.8138,fpar
2009-09-14,66.7805,fpar
2009-09-21,65.4709,fpar
2009-09-28,63.8019,fpar
2009-10-05,61.7092,fpar
2009-10-12,59.3254,fpar
2009-10-19,56.7637,fpar
2009-10-26,54.1623,fpar
2009-11-02,51.9692,fpar
2009-11-09,50.0686,fpar
2009-11-16,48.0955,fpar
2009-11-23,45.6501,fpar
2009-11-30,42.9086,fpar
2009-12-07,39.9593,fpar
2009-12-14,36.7193,fpar
2009-12-21,33.2444,fpar
2009-12-28,29.5709,fpar
2010-01-04,26.0049,fpar
2010-01-11,23.4113,fpar
2010-01-18,22.1459,fpar
2010-01-25,21.3199,fpar
2010-02-01,20.9481,fpar
2010-02-08,21.2123,fpar
2010-02-15,22.2483,fpar
2010-02-22,24.1436,fpar
2010-03-01,26.8055,fpar
2010-03-08,29.8112,fpar
2010-03-15,33.1605,fpar
2010-03-22,36.9034,fpar
2010-03-29,40.8724,fpar
2010-04-05,44.6729,fpar
2010-04-12,48.2576,fpar
2010-04-19,51.6515,fpar
2010-04-26,54.8607,fpar
2010-05-03,57.8256,fpar
2010-05-10,60.6919,fpar
2010-05-17,63.5699,fpar
2010-05-24,66.4376,fpar
2010-05-31,69.1896,fpar
2010-06-07,71.6419,fpar
2010-06-14,73.4675,fpar
2010-06-21,74.7046,fpar
2010-06-28,75.2985,fpar
2010-07-05,75.3502,fpar
2010-07-12,75.1196,fpar
2010-07-19,74.6946,fpar
2010-07-26,74.0941,fpar
2010-08-02,73.4228,fpar
2010-08-09,72.7217,fpar
2010-08-16,72.0641,fpar
2010-08-23,71.3769,fpar
2010-08-30,70.6772,fpar
2010-09-06,69.9823,fpar
2010-09-13,69.1322,fpar
2010-09-20,67.9869,fpar
2010-09-27,66.2912,fpar
2010-10-04,63.8899,fpar
2010-10-11,60.85,fpar
2010-10-18,57.1625,fpar
2010-10-25,53.1541,fpar
2010-11-01,49.3029,fpar
2010-11-08,45.7858,fpar
2010-11-15,42.6086,fpar
2010-11-22,39.9462,fpar
2010-11-29,37.7837,fpar
2010-12-06,36.1972,fpar
2010-12-13,35.2395,fpar
2010-12-20,34.8393,fpar
2010-12-27,35.0885,fpar
2011-01-03,35.5248,fpar
2011-01-10,36.0038,fpar
2011-01-17,36.3587,fpar
2011-01-24,36.1087,fpar
2011-01-31,35.6547,fpar
2011-02-07,35.1452,fpar
2011-02-14,34.9305,fpar
2011-02-21,35.0461,fpar
2011-02-28,35.8034,fpar
2011-03-07,37.3051,fpar
2011-03-14,39.5423,fpar
2011-03-21,42.4325,fpar
2011-03-28,45.9601,fpar
2011-04-04,49.8666,fpar
2011-04-11,53.7602,fpar
2011-04-18,57.3932,fpar
2011-04-25,60.3907,fpar
2011-05-02,62.998,fpar
2011-05-09,65.3718,fpar
2011-05-16,67.6809,fpar
2011-05-23,70.0291,fpar
2011-05-30,72.3465,fpar
2011-06-06,74.4667,fpar
2011-06-13,76.1309,fpar
2011-06-20,77.2716,fpar
2011-06-27,77.6408,fpar
2011-07-04,77.2595,fpar
2011-07-11,76.4069,fpar
2011-07-18,75.1875,fpar
2011-07-25,73.9185,fpar
2011-08-01,72.645,fpar
2011-08-08,71.4211,fpar
2011-08-15,70.4739,fpar
2011-08-22,69.7535,fpar
2011-08-29,69.1712,fpar
2011-09-05,68.5997,fpar
2011-09-12,67.8888,fpar
2011-09-19,66.9762,fpar
2011-09-26,65.7022,fpar
2011-10-03,63.8767,fpar
2011-10-10,61.6118,fpar
2011-10-17,58.9027,fpar
2011-10-24,56.1752,fpar
2011-10-31,53.5592,fpar
2011-11-07,51.2119,fpar
2011-11-14,49.1196,fpar
2011-11-21,47.2636,fpar
2011-11-28,45.6745,fpar
2011-12-05,44.3529,fpar
2011-12-12,43.3418,fpar
2011-12-19,42.6417,fpar
2011-12-26,42.3396,fpar
2012-01-02,42.003,fpar
2012-01-09,41.565,fpar
2012-01-16,40.9332,fpar
2012-01-23,39.9142,fpar
2012-01-30,38.6733,fpar
2012-02-06,37.2536,fpar
2012-02-13,36.2,fpar
2012-02-20,35.695,fpar
2012-02-27,36.1248,fpar
2012-03-05,37.2534,fpar
2012-03-12,38.9604,fpar
2012-03-19,41.0739,fpar
2012-03-26,43.3837,fpar
2012-04-02,45.8277,fpar
2012-04-09,48.396,fpar
2012-04-16,51.0974,fpar
2012-04-23,53.9112,fpar
2012-04-30,56.7154,fpar
2012-05-07,59.382,fpar
2012-05-14,61.8659,fpar
2012-05-21,64.2348,fpar
2012-05-28,66.508,fpar
2012-06-04,68.6767,fpar
2012-06-11,70.6937,fpar
2012-06-18,72.4992,fpar
2012-06-25,74.0099,fpar
2012-07-02,75.1456,fpar
2012-07-09,75.9287,fpar
2012-07-16,76.3125,fpar
2012-07-23,76.2311,fpar
2012-07-30,75.8264,fpar
2012-08-06,74.963,fpar
2012-08-13,73.9547,fpar
2012-08-20,72.919,fpar
2012-08-27,71.9312,fpar
2012-09-03,70.9908,fpar
2012-09-10,70.0241,fpar
2012-09-17,68.9356,fpar
2012-09-24,67.6264,fpar
2012-10-01,66.0209,fpar
2012-10-08,64.0663,fpar
2012-10-15,61.898,fpar
2012-10-22,59.5186,fpar
2012-10-29,57.002,fpar
2012-11-05,54.4554,fpar
2012-11-12,51.8744,fpar
2012-11-19,49.2342,fpar
2012-11-26,46.4753,fpar
2012-12-03,44.1996,fpar
2012-12-10,42.2607,fpar
2012-12-17,40.6192,fpar
2012-12-24,39.5918,fpar
2012-12-31,38.9272,fpar
2013-01-07,38.6599,fpar
2013-01-14,38.0419,fpar
2013-01-21,37.2388,fpar
2013-01-28,36.3254,fpar
2013-02-04,35.4332,fpar
2013-02-11,34.6244,fpar
2013-02-18,33.9598,fpar
2013-02-25,33.5559,fpar
2013-03-04,33.2952,fpar
2013-03-11,33.3716,fpar
2013-03-18,34.0001,fpar
2013-03-25,35.4933,fpar
2013-04-01,37.6096,fpar
2013-04-08,40.4725,fpar
2013-04-15,43.9695,fpar
2013-04-22,47.7081,fpar
2013-04-29,51.4553,fpar
2013-05-06,54.8512,fpar
2013-05-13,57.9552,fpar
2013-05-20,60.8993,fpar
2013-05-27,63.7552,fpar
2013-06-03,66.6052,fpar
2013-06-10,69.438,fpar
2013-06-17,72.1976,fpar
2013-06-24,74.4916,fpar
2013-07-01,76.2273,fpar
2013-07-08,77.273,fpar
2013-07-15,77.5929,fpar
2013-07-22,77.4314,fpar
2013-07-29,76.9321,fpar
2013-08-05,76.0326,fpar
2013-08-12,75.0375,fpar
2013-08-19,74.072,fpar
2013-08-26,73.2958,fpar
2013-09-02,72.6243,fpar
2013-09-09,71.9669,fpar
2013-09-16,71.1041,fpar
2013-09-23,69.7199,fpar
2013-09-30,67.9435,fpar
2013-10-07,65.8144,fpar
2013-10-14,63.7292,fpar
2013-10-21,61.6461,fpar
2013-10-28,59.5673,fpar
2013-11-04,57.7477,fpar
2013-11-11,55.9859,fpar
2013-11-18,54.1912,fpar
2013-11-25,52.3101,fpar
2013-12-02,50.5854,fpar
2013-12-09,49.063,fpar
2013-12-16,47.8193,fpar
2013-12-23,46.975,fpar
2013-12-30,46.2876,fpar
2014-01-06,45.546,fpar
2014-01-13,44.7366,fpar
2014-01-20,44.1472,fpar
2014-01-27,44.1187,fpar
2014-02-03,44.5465,fpar
2014-02-10,45.4271,fpar
2014-02-17,46.8698,fpar
2014-02-24,48.4005,fpar
2014-03-03,49.9294,fpar
2014-03-10,51.4456,fpar
2014-03-17,52.9556,fpar
2014-03-24,54.4696,fpar
2014-03-31,56.0221,fpar
2014-04-07,57.6418,fpar
2014-04-14,59.0817,fpar
2014-04-21,60.4858,fpar
2014-04-28,61.9397,fpar
2014-05-05,63.5796,fpar
2014-05-12,65.5432,fpar
2014-05-19,67.7737,fpar
2014-05-26,70.1728,fpar
2014-06-02,72.3722,fpar
2014-06-09,74.2478,fpar
2014-06-16,75.5192,fpar
2014-06-23,76.2162,fpar
2014-06-30,76.4451,fpar
2014-07-07,76.153,fpar
2014-07-14,75.6458,fpar
2014-07-21,74.9818,fpar
2014-07-28,74.2027,fpar
2014-08-04,73.6601,fpar
2014-08-11,73.2994,fpar
2014-08-18,73.0871,fpar
2014-08-25,72.8368,fpar
2014-09-01,72.4168,fpar
2014-09-08,71.7006,fpar
2014-09-15,70.5016,fpar
2014-09-22,68.8672,fpar
2014-09-29,66.9396,fpar
2014-10-06,64.9243,fpar
2014-10-13,63.0112,fpar
2014-10-20,61.2592,fpar
2014-10-27,59.7547,fpar
2014-11-03,58.3516,fpar
2014-11-10,56.9418,fpar
2014-11-17,55.4137,fpar
2014-11-24,53.7654,fpar
2014-12-01,52.116,fpar
2014-12-08,50.5775,fpar
2014-12-15,49.4654,fpar
2014-12-22,48.6581,fpar
2014-12-29,48.0664,fpar
2015-01-05,47.7136,fpar
2015-01-12,47.3259,fpar
2015-01-19,46.924,fpar
2015-01-26,46.6704,fpar
2015-02-02,46.5189,fpar
2015-02-09,46.4834,fpar
2015-02-16,46.6251,fpar
2015-02-23,46.8621,fpar
2015-03-02,47.3986,fpar
2015-03-09,48.2361,fpar
2015-03-16,49.4546,fpar
2015-03-23,50.9465,fpar
2015-03-30,52.6005,fpar
2015-04-06,54.4386,fpar
2015-04-13,56.1919,fpar
2015-04-20,57.8009,fpar
2015-04-27,59.1921,fpar
2015-05-04,60.5708,fpar
2015-05-11,62.0974,fpar
2015-05-18,63.8712,fpar
2015-05-25,65.9399,fpar
2015-06-01,68.1447,fpar
2015-06-08,70.4455,fpar
2015-06-15,72.6126,fpar
2015-06-22,74.3811,fpar
2015-06-29,75.7154,fpar
2015-07-06,76.4932,fpar
2015-07-13,76.8378,fpar
2015-07-20,76.9069,fpar
2015-07-27,76.754,fpar
2015-08-03,76.4658,fpar
2015-08-10,76.0848,fpar
2015-08-17,75.6277,fpar
2015-08-24,75.1638,fpar
2015-08-31,74.6613,fpar
2015-09-07,74.0524,fpar
2015-09-14,73.1508,fpar
2015-09-21,71.9587,fpar
2015-09-28,70.4137,fpar
2015-10-05,68.4176,fpar
2015-10-12,66.2649,fpar
2015-10-19,64.0954,fpar
2015-10-26,62.0916,fpar
2015-11-02,60.2925,fpar
2015-11-09,58.6547,fpar
2015-11-16,57.0793,fpar
2015-11-23,55.4281,fpar
2015-11-30,53.7633,fpar
2015-12-07,52.1721,fpar
2015-12-14,50.8472,fpar
2015-12-21,49.7632,fpar
2015-12-28,48.9129,fpar
2016-01-04,48.1877,fpar
2016-01-11,47.5976,fpar
2016-01-18,47.17,fpar
2016-01-25,46.9192,fpar
2016-02-01,46.6994,fpar
2016-02-08,46.5123,fpar
2016-02-15,46.5059,fpar
2016-02-22,46.4334,fpar
2016-02-29,46.4178,fpar
2016-03-07,46.7287,fpar
2016-03-14,47.5781,fpar
2016-03-21,48.8866,fpar
2016-03-28,50.6343,fpar
2016-04-04,52.6636,fpar
2016-04-11,54.6789,fpar
2016-04-18,56.563,fpar
2016-04-25,58.3982,fpar
2016-05-02,60.1832,fpar
2016-05-09,61.9461,fpar
2016-05-16,63.7466,fpar
2016-05-23,65.6564,fpar
2016-05-30,67.6219,fpar
2016-06-06,69.6085,fpar
2016-06-13,71.4347,fpar
2016-06-20,73.0877,fpar
2016-06-27,74.4945,fpar
2016-07-04,75.5628,fpar
2016-07-11,76.3396,fpar
2016-07-18,76.8028,fpar
2016-07-25,76.9714,fpar
2016-08-01,77.0582,fpar
2016-08-08,77.0724,fpar
2016-08-15,76.9184,fpar
2016-08-22,76.6482,fpar
2016-08-29,76.2698,fpar
2016-09-05,75.6366,fpar
2016-09-12,74.5994,fpar
2016-09-19,73.1645,fpar
2016-09-26,71.2679,fpar
2016-10-03,69.0065,fpar
2016-10-10,66.6057,fpar
2016-10-17,64.2339,fpar
2016-10-24,61.9684,fpar
2016-10-31,59.7567,fpar
2016-11-07,57.6041,fpar
2016-11-14,55.521,fpar
2016-11-21,53.3841,fpar
2016-11-28,51.1246,fpar
2016-12-05,48.7073,fpar
2016-12-12,46.4482,fpar
2016-12-19,44.4633,fpar
2016-12-26,42.969,fpar
2017-01-02,41.6937,fpar
2017-01-09,40.6255,fpar
2017-01-16,39.8273,fpar
2017-01-23,39.2356,fpar
2017-01-30,38.8568,fpar
2017-02-06,38.9619,fpar
2017-02-13,39.7278,fpar
2017-02-20,41.0576,fpar
2017-02-27,43.1128,fpar
2017-03-06,45.5738,fpar
2017-03-13,48.0979,fpar
2017-03-20,50.5016,fpar
2017-03-27,52.5982,fpar
2017-04-03,54.3227,fpar
2017-04-10,55.7818,fpar
2017-04-17,57.0221,fpar
2017-04-24,58.2811,fpar
2017-05-01,59.7559,fpar
2017-05-08,61.5695,fpar
2017-05-15,63.7578,fpar
2017-05-22,66.1265,fpar
2017-05-29,68.5766,fpar
2017-06-05,70.9741,fpar
2017-06-12,73.07,fpar
2017-06-19,74.8369,fpar
2017-06-26,76.196,fpar
2017-07-03,77.0383,fpar
2017-07-10,77.4853,fpar
2017-07-17,77.5225,fpar
2017-07-24,77.2553,fpar
2017-07-31,76.8594,fpar
2017-08-07,76.3539,fpar
2017-08-14,75.7779,fpar
2017-08-21,75.2052,fpar
2017-08-28,74.6471,fpar
2017-09-04,73.9119,fpar
2017-09-11,72.9382,fpar
2017-09-18,71.6129,fpar
2017-09-25,69.6758,fpar
2017-10-02,67.5609,fpar
2017-10-09,65.4181,fpar
2017-10-16,63.393,fpar
2017-10-23,61.5644,fpar
2017-10-30,59.8366,fpar
2017-11-06,58.1653,fpar
2017-11-13,56.5163,fpar
2017-11-20,54.9078,fpar
2017-11-27,53.3906,fpar
2017-12-04,52.1089,fpar
2017-12-11,51.0726,fpar
2017-12-18,50.3208,fpar
2017-12-25,49.8377,fpar
2018-01-01,49.4291,fpar
2018-01-08,49.0431,fpar
2018-01-15,48.5428,fpar
2018-01-22,47.6534,fpar
2018-01-29,46.4197,fpar
2018-02-05,44.7775,fpar
2018-02-12,42.9387,fpar
2018-02-19,41.0711,fpar
2018-02-26,39.5677,fpar
2018-03-05,38.8002,fpar
2018-03-12,38.9549,fpar
2018-03-19,40.0305,fpar
2018-03-26,42.2449,fpar
2018-04-02,45.3079,fpar
2018-04-09,48.9637,fpar
2018-04-16,52.7108,fpar
2018-04-23,56.1936,fpar
2018-04-30,59.4594,fpar
2018-05-07,62.5104,fpar
2018-05-14,65.43,fpar
2018-05-21,68.2353,fpar
2018-05-28,70.8961,fpar
2018-06-04,73.0982,fpar
2018-06-11,74.7325,fpar
2018-06-18,75.5895,fpar
2018-06-25,75.2738,fpar
2018-07-02,73.951,fpar
2018-07-09,71.9273,fpar
2018-07-16,69.5964,fpar
2018-07-23,67.5858,fpar
2018-07-30,65.979,fpar
2018-08-06,65.2746,fpar
2018-08-13,65.2019,fpar
2018-08-20,65.481,fpar
2018-08-27,65.9719,fpar
2018-09-03,66.3259,fpar
2018-09-10,66.49,fpar
2018-09-17,66.3627,fpar
2018-09-24,66.023,fpar
2018-10-01,65.4865,fpar
2018-10-08,64.7445,fpar
2018-10-15,63.8876,fpar
2018-10-22,62.8516,fpar
2018-10-29,61.6531,fpar
2018-11-05,60.195,fpar
2018-11-12,58.4498,fpar
2018-11-19,56.5088,fpar
2018-11-26,54.5343,fpar
2018-12-03,52.8694,fpar
2018-12-10,51.4475,fpar
2018-12-17,50.284,fpar
2018-12-24,49.5712,fpar
2018-12-31,49.0877,fpar
2019-01-07,48.8515,fpar
2019-01-14,48.7919,fpar
2019-01-21,48.9254,fpar
2019-01-28,49.2748,fpar
2019-02-04,49.8811,fpar
2019-02-11,50.7687,fpar
2019-02-18,51.9328,fpar
2019-02-25,53.0915,fpar
2019-03-04,54.4428,fpar
2019-03-11,55.8133,fpar
2019-03-18,57.126,fpar
2019-03-25,58.3712,fpar
2019-04-01,59.4192,fpar
2019-04-08,60.1451,fpar
2019-04-15,60.4167,fpar
2019-04-22,60.5419,fpar
2019-04-29,60.703,fpar
2019-05-06,61.2044,fpar
2019-05-13,62.2144,fpar
2019-05-20,63.6819,fpar
2019-05-27,65.6759,fpar
2019-06-03,67.7363,fpar
2019-06-10,69.7069,fpar
2019-06-17,71.371,fpar
2019-06-24,72.3268,fpar
2019-07-01,72.7325,fpar
2019-07-08,72.6235,fpar
2019-07-15,72.2629,fpar
2019-07-22,71.723,fpar
2019-07-29,71.1126,fpar
2019-08-05,70.7078,fpar
2019-08-12,70.4693,fpar
2019-08-19,70.3124,fpar
2019-08-26,70.0895,fpar
2019-09-02,69.8592,fpar
2019-09-09,69.5917,fpar
2019-09-16,69.183,fpar
2019-09-23,68.3423,fpar
2019-09-30,67.1594,fpar
2019-10-07,65.6356,fpar
2019-10-14,63.9866,fpar
2019-10-21,62.1311,fpar
2019-10-28,60.036,fpar
2019-11-04,57.8569,fpar
2019-11-11,55.663,fpar
2019-11-18,53.4852,fpar
2019-11-25,51.3361,fpar
2019-12-02,49.3272,fpar
2019-12-09,47.5521,fpar
2019-12-16,46.26,fpar
2019-12-23,45.2675,fpar
2019-12-30,44.4529,fpar
2020-01-06,43.867,fpar
2020-01-13,43.7395,fpar
2020-01-20,43.9755,fpar
2020-01-27,44.5803,fpar
2020-02-03,45.5103,fpar
2020-02-10,46.6372,fpar
2020-02-17,47.8768,fpar
2020-02-24,49.0531,fpar
2020-03-02,50.1445,fpar
2020-03-09,51.111,fpar
2020-03-16,51.8051,fpar
2020-03-23,52.4158,fpar
2020-03-30,53.0326,fpar
2020-04-06,53.7766,fpar
2020-04-13,54.727,fpar
2020-04-20,55.7668,fpar
2020-04-27,56.8231,fpar
2020-05-04,58.0721,fpar
2020-05-11,59.5653,fpar
2020-05-18,61.4016,fpar
2020-05-25,63.7863,fpar
2020-06-01,66.4093,fpar
2020-06-08,69.1807,fpar
2020-06-15,71.6378,fpar
2020-06-22,73.5609,fpar
2020-06-29,74.9492,fpar
2020-07-06,75.7073,fpar
2020-07-13,76.0995,fpar
2020-07-20,76.2321,fpar
2020-07-27,76.1055,fpar
2020-08-03,75.8973,fpar
2020-08-10,75.641,fpar
2020-08-17,75.3487,fpar
2020-08-24,75.009,fpar
2020-08-31,74.5654,fpar
2020-09-07,73.8788,fpar
2020-09-14,72.6736,fpar
2020-09-21,71.0747,fpar
2020-09-28,69.0997,fpar
2020-10-05,66.8721,fpar
2020-10-12,64.7346,fpar
2020-10-19,62.8149,fpar
2020-10-26,61.3257,fpar
2020-11-02,60.2236,fpar
2020-11-09,59.3614,fpar
2020-11-16,58.4011,fpar
2020-11-23,57.0039,fpar
2020-11-30,55.4688,fpar
2020-12-07,54.0892,fpar
2020-12-14,53.0673,fpar
2020-12-21,52.1428,fpar
2020-12-28,51.2316,fpar
2021-01-04,50.4924,fpar
2021-01-11,49.6592,fpar
2021-01-18,48.5999,fpar
2021-01-25,47.3119,fpar
2021-02-01,46.0281,fpar
2021-02-08,44.9207,fpar
2021-02-15,44.562,fpar
2021-02-22,44.7615,fpar
2021-03-01,45.4059,fpar
2021-03-08,46.2866,fpar
2021-03-15,47.6604,fpar
2021-03-22,49.2257,fpar
2021-03-29,50.8599,fpar
2021-04-05,52.4032,fpar
2021-04-12,53.744,fpar
2021-04-19,54.909,fpar
2021-04-26,55.9462,fpar
2021-05-03,56.895,fpar
2021-05-10,57.922,fpar
2021-05-17,59.22,fpar
2021-05-24,60.7791,fpar
2021-05-31,62.4773,fpar
2021-06-07,64.3448,fpar
2021-06-14,66.4372,fpar
2021-06-21,68.5593,fpar
2021-06-28,70.5881,fpar
2021-07-05,72.3001,fpar
2021-07-12,73.741,fpar
2021-07-19,74.8932,fpar
2021-07-26,75.5985,fpar
2021-08-02,76.0729,fpar
2021-08-09,76.3276,fpar
2021-08-16,76.3141,fpar
2021-08-23,76.2784,fpar
2021-08-30,76.2036,fpar
2021-09-06,75.9781,fpar
2021-09-13,75.4303,fpar
2021-09-20,74.6143,fpar
2021-09-27,73.4701,fpar
2021-10-04,71.7329,fpar
2021-10-11,69.6331,fpar
2021-10-18,67.2517,fpar
2021-10-25,64.78,fpar
2021-11-01,62.3499,fpar
2021-11-08,59.9878,fpar
2021-11-15,57.5825,fpar
2021-11-22,55.1181,fpar
2021-11-29,52.7211,fpar
2021-12-06,50.7161,fpar
2021-12-13,49.0257,fpar
2021-12-20,47.5956,fpar
2021-12-27,46.4689,fpar
2022-01-03,45.7801,fpar
2022-01-10,45.3625,fpar
2022-01-17,45.1537,fpar
2022-01-24,45.4492,fpar
2022-01-31,45.9725,fpar
2022-02-07,46.7087,fpar
2022-02-14,47.6538,fpar
2022-02-21,48.6041,fpar
2022-02-28,49.3937,fpar
2022-03-07,49.9914,fpar
2022-03-14,50.7189,fpar
2022-03-21,51.6407,fpar
2022-03-28,52.7921,fpar
2022-04-04,54.1947,fpar
2022-04-11,55.5904,fpar
2022-04-18,56.8879,fpar
2022-04-25,58.2108,fpar
2022-05-02,59.6046,fpar
2022-05-09,61.1462,fpar
2022-05-16,63.0488,fpar
2022-05-23,65.3083,fpar
2022-05-30,67.7226,fpar
2022-06-06,70.1487,fpar
2022-06-13,72.2704,fpar
2022-06-20,73.9588,fpar
2022-06-27,74.9409,fpar
2022-07-04,75.1912,fpar
2022-07-11,74.96,fpar
2022-07-18,74.2861,fpar
2022-07-25,73.2144,fpar
2022-08-01,71.941,fpar
2022-08-08,70.4589,fpar
2022-08-15,68.8198,fpar
2022-08-22,67.3852,fpar
2022-08-29,66.1916,fpar
2022-09-05,65.4209,fpar
2022-09-12,65.0425,fpar
2022-09-19,64.9001,fpar
2022-09-26,64.7305,fpar
2022-10-03,64.4621,fpar
2022-10-10,64.0766,fpar
2022-10-17,63.5203,fpar
2022-10-24,62.8413,fpar
2022-10-31,62.0907,fpar
2022-11-07,61.2154,fpar
2022-11-14,59.8705,fpar
2022-11-21,58.1715,fpar
2022-11-28,56.1983,fpar
2022-12-05,54.3782,fpar
2022-12-12,52.93,fpar
2022-12-19,51.9108,fpar
2022-12-26,51.4991,fpar
2023-01-02,51.5666,fpar
2023-01-09,51.9315,fpar
2023-01-16,52.2011,fpar
2023-01-23,52.1759,fpar
2023-01-30,52.0173,fpar
2023-02-06,51.8595,fpar
2023-02-13,52.0353,fpar
2023-02-20,52.4078,fpar
2023-02-27,52.9527,fpar
2023-03-06,53.7746,fpar
2023-03-13,54.8803,fpar
2023-03-20,56.1121,fpar
2023-03-27,57.3553,fpar
2023-04-03,58.4527,fpar
2023-04-10,59.4098,fpar
2023-04-17,60.1838,fpar
2023-04-24,60.7034,fpar
2023-05-01,61.1014,fpar
2023-05-08,61.4521,fpar
2023-05-15,61.942,fpar
2023-05-22,62.7064,fpar
2023-05-29,63.6852,fpar
2023-06-05,64.8212,fpar
2023-06-12,66.0664,fpar
2023-06-19,67.3207,fpar
2023-06-26,68.3814,fpar
2023-07-03,69.4259,fpar
2023-07-10,70.3525,fpar
2023-07-17,70.9794,fpar
2023-07-24,71.114,fpar
2023-07-31,71.114,fpar
2023-08-07,71.114,fpar
2023-08-14,71.114,fpar
2023-08-21,71.114,fpar
2023-08-28,71.114,fpar
2023-09-04,71.114,fpar
2023-09-11,71.114,fpar
2023-09-18,71.114,fpar
2023-09-25,71.114,fpar
2023-10-02,71.114,fpar
2023-10-09,71.114,fpar
2023-10-16,71.114,fpar
2023-10-23,71.114,fpar
2023-10-30,71.114,fpar
2023-11-06,71.114,fpar
2023-11-13,71.114,fpar
2023-11-20,71.114,fpar
2023-11-27,71.114,fpar
2023-12-04,71.114,fpar
2023-12-11,71.114,fpar
2023-12-18,71.114,fpar
2023-12-25,71.114,fpar
1999-12-27,151.0259,ndvi
2000-01-03,151.0259,ndvi
2000-01-10,151.0259,ndvi
2000-01-17,151.0259,ndvi
2000-01-24,151.0259,ndvi
2000-01-31,151.0259,ndvi
2000-02-07,151.0259,ndvi
2000-02-14,151.0259,ndvi
2000-02-21,151.0259,ndvi
2000-02-28,151.0259,ndvi
2000-03-06,151.0259,ndvi
2000-03-13,151.0259,ndvi
2000-03-20,151.0259,ndvi
2000-03-27,151.0259,ndvi
2000-04-03,151.0259,ndvi
2000-04-10,151.0259,ndvi
2000-04-17,151.0259,ndvi
2000-04-24,151.0259,ndvi
2000-05-01,151.0259,ndvi
2000-05-08,151.0259,ndvi
2000-05-15,151.0259,ndvi
2000-05-22,151.0259,ndvi
2000-05-29,151.0259,ndvi
2000-06-05,151.0259,ndvi
2000-06-12,151.0259,ndvi
2000-06-19,151.0259,ndvi
2000-06-26,151.0259,ndvi
2000-07-03,151.0259,ndvi
2000-07-10,151.0259,ndvi
2000-07-17,151.0259,ndvi
2000-07-24,151.0259,ndvi
2000-07-31,151.0259,ndvi
2000-08-07,151.0259,ndvi
2000-08-14,151.0259,ndvi
2000-08-21,151.0259,ndvi
2000-08-28,151.0259,ndvi
2000-09-04,151.0259,ndvi
2000-09-11,151.0259,ndvi
2000-09-18,151.0259,ndvi
2000-09-25,151.0259,ndvi
2000-10-02,151.0259,ndvi
2000-10-09,151.0259,ndvi
2000-10-16,151.0259,ndvi
2000-10-23,151.0259,ndvi
2000-10-30,151.0259,ndvi
2000-11-06,151.0259,ndvi
2000-11-13,151.0259,ndvi
2000-11-20,151.0259,ndvi
2000-11-27,151.0259,ndvi
2000-12-04,151.0259,ndvi
2000-12-11,151.0259,ndvi
2000-12-18,151.0259,ndvi
2000-12-25,151.0259,ndvi
2001-01-01,153.5485,ndvi
2001-01-08,159.0441,ndvi
2001-01-15,161.0447,ndvi
2001-01-22,154.0202,ndvi
2001-01-29,149.2285,ndvi
2001-02-05,145.1121,ndvi
2001-02-12,147.1031,ndvi
2001-02-19,143.9493,ndvi
2001-02-26,140.7915,ndvi
2001-03-05,144.915,ndvi
2001-03-12,147.4697,ndvi
2001-03-19,149.1777,ndvi
2001-03-26,150.3204,ndvi
2001-04-02,158.2643,ndvi
2001-04-09,157.9163,ndvi
2001-04-16,163.2263,ndvi
2001-04-23,168.5255,ndvi
2001-04-30,165.6727,ndvi
2001-05-07,169.235,ndvi
2001-05-14,176.8184,ndvi
2001-05-21,176.0008,ndvi
2001-05-28,193.2894,ndvi
2001-06-04,198.1974,ndvi
2001-06-11,196.7869,ndvi
2001-06-18,198.6322,ndvi
2001-06-25,202.9379,ndvi
2001-07-02,206.8884,ndvi
2001-07-09,208.6513,ndvi
2001-07-16,204.675,ndvi
2001-07-23,199.5071,ndvi
2001-07-30,196.4206,ndvi
2001-08-06,193.7173,ndvi
2001-08-13,191.7989,ndvi
2001-08-20,191.5008,ndvi
2001-08-27,192.6465,ndvi
2001-09-03,198.4254,ndvi
2001-09-10,198.2647,ndvi
2001-09-17,182.236,ndvi
2001-09-24,184.3353,ndvi
2001-10-01,184.3196,ndvi
2001-10-08,180.7164,ndvi
2001-10-15,175.3176,ndvi
2001-10-22,159.9212,ndvi
2001-10-29,177.7579,ndvi
2001-11-05,172.5772,ndvi
2001-11-12,161.5966,ndvi
2001-11-19,160.7472,ndvi
2001-11-26,157.511,ndvi
2001-12-03,151.7996,ndvi
2001-12-10,151.5897,ndvi
2001-12-17,150.9068,ndvi
2001-12-24,142.5617,ndvi
2001-12-31,156.5788,ndvi
2002-01-07,146.2681,ndvi
2002-01-14,148.0903,ndvi
2002-01-21,145.3626,ndvi
2002-01-28,147.0281,ndvi
2002-02-04,151.6837,ndvi
2002-02-11,152.6424,ndvi
2002-02-18,151.1241,ndvi
2002-02-25,146.99,ndvi
2002-03-04,139.0979,ndvi
2002-03-11,146.1216,ndvi
2002-03-18,150.8086,ndvi
2002-03-25,152.9901,ndvi
2002-04-01,154.915,ndvi
2002-04-08,173.3814,ndvi
2002-04-15,191.4604,ndvi
2002-04-22,189.9954,ndvi
2002-04-29,182.7755,ndvi
2002-05-06,175.8545,ndvi
2002-05-13,172.6368,ndvi
2002-05-20,179.3098,ndvi
2002-05-27,188.5988,ndvi
2002-06-03,200.0126,ndvi
2002-06-10,206.6153,ndvi
2002-06-17,205.2446,ndvi
2002-06-24,206.5731,ndvi
2002-07-01,211.5275,ndvi
2002-07-08,206.7201,ndvi
2002-07-15,199.6481,ndvi
2002-07-22,194.5127,ndvi
2002-07-29,182.7042,ndvi
2002-08-05,178.2246,ndvi
2002-08-12,186.5546,ndvi
2002-08-19,184.7596,ndvi
2002-08-26,183.2833,ndvi
2002-09-02,185.5879,ndvi
2002-09-09,187.4697,ndvi
2002-09-16,184.8526,ndvi
2002-09-23,178.7402,ndvi
2002-09-30,172.7241,ndvi
2002-10-07,170.0308,ndvi
2002-10-14,169.3351,ndvi
2002-10-21,165.2033,ndvi
2002-10-28,173.0417,ndvi
2002-11-04,172.5995,ndvi
2002-11-11,163.2059,ndvi
2002-11-18,158.8871,ndvi
2002-11-25,156.4897,ndvi
2002-12-02,150.6489,ndvi
2002-12-09,148.8657,ndvi
2002-12-16,147.2054,ndvi
2002-12-23,145.5451,ndvi
2002-12-30,143.8849,ndvi
2003-01-06,142.2246,ndvi
2003-01-13,141.4419,ndvi
2003-01-20,150.6773,ndvi
2003-01-27,145.9178,ndvi
2003-02-03,135.9146,ndvi
2003-02-10,129.0053,ndvi
2003-02-17,125.7701,ndvi
2003-02-24,128.7205,ndvi
2003-03-03,136.3893,ndvi
2003-03-10,133.5086,ndvi
2003-03-17,134.3806,ndvi
2003-03-24,138.3407,ndvi
2003-03-31,142.6854,ndvi
2003-04-07,145.8797,ndvi
2003-04-14,150.4794,ndvi
2003-04-21,161.2913,ndvi
2003-04-28,175.3874,ndvi
2003-05-05,197.4663,ndvi
2003-05-12,201.641,ndvi
2003-05-19,192.9292,ndvi
2003-05-26,187.3282,ndvi
2003-06-02,193.2637,ndvi
2003-06-09,204.8925,ndvi
2003-06-16,208.0355,ndvi
2003-06-23,205.9105,ndvi
2003-06-30,206.2087,ndvi
2003-07-07,199.3194,ndvi
2003-07-14,196.8527,ndvi
2003-07-21,193.5469,ndvi
2003-07-28,183.9651,ndvi
2003-08-04,173.6817,ndvi
2003-08-11,173.5691,ndvi
2003-08-18,178.8372,ndvi
2003-08-25,177.2815,ndvi
2003-09-01,182.1969,ndvi
2003-09-08,179.154,ndvi
2003-09-15,175.7234,ndvi
2003-09-22,176.322,ndvi
2003-09-29,175.7164,ndvi
2003-10-06,170.5596,ndvi
2003-10-13,167.7686,ndvi
2003-10-20,167.3823,ndvi
2003-10-27,158.8315,ndvi
2003-11-03,153.5849,ndvi
2003-11-10,172.04,ndvi
2003-11-17,178.6706,ndvi
2003-11-24,155.2158,ndvi
2003-12-01,147.0243,ndvi
2003-12-08,142.5613,ndvi
2003-12-15,150.0616,ndvi
2003-12-22,159.1725,ndvi
2003-12-29,156.5437,ndvi
2004-01-05,141.9955,ndvi
2004-01-12,147.7256,ndvi
2004-01-19,153.259,ndvi
2004-01-26,159.5044,ndvi
2004-02-02,162.491,ndvi
2004-02-09,157.5607,ndvi
2004-02-16,152.9441,ndvi
2004-02-23,149.5884,ndvi
2004-03-01,146.6326,ndvi
2004-03-08,138.5019,ndvi
2004-03-15,154.2467,ndvi
2004-03-22,160.4924,ndvi
2004-03-29,166.6487,ndvi
2004-04-05,180.4378,ndvi
2004-04-12,169.8764,ndvi
2004-04-19,176.6415,ndvi
2004-04-26,184.4454,ndvi
2004-05-03,185.848,ndvi
2004-05-10,183.6136,ndvi
2004-05-17,185.7455,ndvi
2004-05-24,192.6678,ndvi
2004-05-31,201.3216,ndvi
2004-06-07,207.3827,ndvi
2004-06-14,201.8915,ndvi
2004-06-21,208.146,ndvi
2004-06-28,208.8812,ndvi
2004-07-05,206.7592,ndvi
2004-07-12,204.4715,ndvi
2004-07-19,198.5997,ndvi
2004-07-26,188.696,ndvi
2004-08-02,184.1084,ndvi
2004-08-09,190.2794,ndvi
2004-08-16,189.8443,ndvi
2004-08-23,188.7492,ndvi
2004-08-30,184.0034,ndvi
2004-09-06,179.4943,ndvi
2004-09-13,177.9496,ndvi
2004-09-20,181.8265,ndvi
2004-09-27,186.9659,ndvi
2004-10-04,172.0676,ndvi
2004-10-11,169.6577,ndvi
2004-10-18,155.4712,ndvi
2004-10-25,162.4049,ndvi
2004-11-01,169.0899,ndvi
2004-11-08,166.4096,ndvi
2004-11-15,164.3123,ndvi
2004-11-22,162.6145,ndvi
2004-11-29,153.0115,ndvi
2004-12-06,148.8269,ndvi
2004-12-13,145.7281,ndvi
2004-12-20,145.456,ndvi
2004-12-27,146.4688,ndvi
2005-01-03,147.4816,ndvi
2005-01-10,145.3066,ndvi
2005-01-17,144.6287,ndvi
2005-01-24,149.1346,ndvi
2005-01-31,154.1105,ndvi
2005-02-07,159.796,ndvi
2005-02-14,157.9641,ndvi
2005-02-21,136.6724,ndvi
2005-02-28,134.871,ndvi
2005-03-07,143.51,ndvi
2005-03-14,146.8478,ndvi
2005-03-21,147.9765,ndvi
2005-03-28,158.3996,ndvi
2005-04-04,169.4865,ndvi
2005-04-11,172.6171,ndvi
2005-04-18,172.3892,ndvi
2005-04-25,166.8039,ndvi
2005-05-02,174.2553,ndvi
2005-05-09,188.8343,ndvi
2005-05-16,191.9022,ndvi
2005-05-23,185.8275,ndvi
2005-05-30,192.2745,ndvi
2005-06-06,199.5424,ndvi
2005-06-13,203.6766,ndvi
2005-06-20,204.4209,ndvi
2005-06-27,207.4118,ndvi
2005-07-04,209.0595,ndvi
2005-07-11,206.329,ndvi
2005-07-18,205.574,ndvi
2005-07-25,206.2591,ndvi
2005-08-01,209.9572,ndvi
2005-08-08,196.8495,ndvi
2005-08-15,195.4914,ndvi
2005-08-22,192.6901,ndvi
2005-08-29,186.9867,ndvi
2005-09-05,186.5091,ndvi
2005-09-12,185.432,ndvi
2005-09-19,182.106,ndvi
2005-09-26,179.5648,ndvi
2005-10-03,176.0382,ndvi
2005-10-10,173.6375,ndvi
2005-10-17,173.0067,ndvi
2005-10-24,173.0943,ndvi
2005-10-31,172.5914,ndvi
2005-11-07,172.13,ndvi
2005-11-14,174.0749,ndvi
2005-11-21,168.3375,ndvi
2005-11-28,156.0404,ndvi
2005-12-05,150.9039,ndvi
2005-12-12,155.7822,ndvi
2005-12-19,167.5579,ndvi
2005-12-26,177.9104,ndvi
2006-01-02,159.1118,ndvi
2006-01-09,143.5972,ndvi
2006-01-16,145.1467,ndvi
2006-01-23,135.3042,ndvi
2006-01-30,138.0423,ndvi
2006-02-06,141.6428,ndvi
2006-02-13,142.6441,ndvi
2006-02-20,145.7664,ndvi
2006-02-27,144.0132,ndvi
2006-03-06,139.4176,ndvi
2006-03-13,136.7035,ndvi
2006-03-20,135.3702,ndvi
2006-03-27,142.6574,ndvi
2006-04-03,148.7315,ndvi
2006-04-10,155.3644,ndvi
2006-04-17,162.2442,ndvi
2006-04-24,170.5721,ndvi
2006-05-01,177.4385,ndvi
2006-05-08,184.595,ndvi
2006-05-15,197.3307,ndvi
2006-05-22,199.4309,ndvi
2006-05-29,190.6983,ndvi
2006-06-05,190.1698,ndvi
2006-06-12,193.66,ndvi
2006-06-19,199.4831,ndvi
2006-06-26,203.0631,ndvi
2006-07-03,199.5668,ndvi
2006-07-10,191.0289,ndvi
2006-07-17,185.203,ndvi
2006-07-24,193.7176,ndvi
2006-07-31,184.7745,ndvi
2006-08-07,189.7147,ndvi
2006-08-14,188.5853,ndvi
2006-08-21,190.777,ndvi
2006-08-28,199.7243,ndvi
2006-09-04,184.9146,ndvi
2006-09-11,183.8871,ndvi
2006-09-18,183.4453,ndvi
2006-09-25,183.933,ndvi
2006-10-02,181.9097,ndvi
2006-10-09,178.9762,ndvi
2006-10-16,180.9076,ndvi
2006-10-23,188.1808,ndvi
2006-10-30,189.121,ndvi
2006-11-06,175.3075,ndvi
2006-11-13,172.2242,ndvi
2006-11-20,168.3373,ndvi
2006-11-27,149.6225,ndvi
2006-12-04,150.0756,ndvi
2006-12-11,158.571,ndvi
2006-12-18,152.1811,ndvi
2006-12-25,148.131,ndvi
2007-01-01,156.738,ndvi
2007-01-08,168.2013,ndvi
2007-01-15,169.9462,ndvi
2007-01-22,164.6064,ndvi
2007-01-29,161.9181,ndvi
2007-02-05,162.8432,ndvi
2007-02-12,168.9436,ndvi
2007-02-19,177.0185,ndvi
2007-02-26,174.6969,ndvi
2007-03-05,163.2005,ndvi
2007-03-12,162.1383,ndvi
2007-03-19,161.9444,ndvi
2007-03-26,162.8365,ndvi
2007-04-02,167.9815,ndvi
2007-04-09,171.1434,ndvi
2007-04-16,175.2182,ndvi
2007-04-23,178.2509,ndvi
2007-04-30,179.9303,ndvi
2007-05-07,186.8997,ndvi
2007-05-14,194.5099,ndvi
2007-05-21,203.3659,ndvi
2007-05-28,203.2228,ndvi
2007-06-04,201.5961,ndvi
2007-06-11,204.804,ndvi
2007-06-18,209.5307,ndvi
2007-06-25,209.8216,ndvi
2007-07-02,205.3944,ndvi
2007-07-09,201.6329,ndvi
2007-07-16,202.4753,ndvi
2007-07-23,193.6221,ndvi
2007-07-30,187.048,ndvi
2007-08-06,187.5192,ndvi
2007-08-13,189.6064,ndvi
2007-08-20,189.0815,ndvi
2007-08-27,187.4744,ndvi
2007-09-03,184.463,ndvi
2007-09-10,190.4856,ndvi
2007-09-17,191.4413,ndvi
2007-09-24,187.938,ndvi
2007-10-01,180.6198,ndvi
2007-10-08,175.834,ndvi
2007-10-15,175.7045,ndvi
2007-10-22,173.1644,ndvi
2007-10-29,172.3782,ndvi
2007-11-05,171.0129,ndvi
2007-11-12,167.6424,ndvi
2007-11-19,177.8662,ndvi
2007-11-26,173.8301,ndvi
2007-12-03,159.2571,ndvi
2007-12-10,152.4918,ndvi
2007-12-17,152.5967,ndvi
2007-12-24,162.8426,ndvi
2007-12-31,145.2447,ndvi
2008-01-07,143.0184,ndvi
2008-01-14,162.1347,ndvi
2008-01-21,161.5378,ndvi
2008-01-28,157.5259,ndvi
2008-02-04,157.2118,ndvi
2008-02-11,155.2515,ndvi
2008-02-18,155.2009,ndvi
2008-02-25,158.1012,ndvi
2008-03-03,156.7285,ndvi
2008-03-10,161.5277,ndvi
2008-03-17,159.9517,ndvi
2008-03-24,175.0864,ndvi
2008-03-31,169.2618,ndvi
2008-04-07,163.0069,ndvi
2008-04-14,165.021,ndvi
2008-04-21,168.6765,ndvi
2008-04-28,175.856,ndvi
2008-05-05,178.7813,ndvi
2008-05-12,178.8393,ndvi
2008-05-19,181.7771,ndvi
2008-05-26,190.7094,ndvi
2008-06-02,197.4185,ndvi
2008-06-09,199.8662,ndvi
2008-06-16,199.5452,ndvi
2008-06-23,196.829,ndvi
2008-06-30,199.2036,ndvi
2008-07-07,206.2314,ndvi
2008-07-14,200.2692,ndvi
2008-07-21,194.2813,ndvi
2008-07-28,195.4455,ndvi
2008-08-04,193.8796,ndvi
2008-08-11,187.2746,ndvi
2008-08-18,189.4654,ndvi
2008-08-25,191.7156,ndvi
2008-09-01,192.367,ndvi
2008-09-08,188.9572,ndvi
2008-09-15,184.5656,ndvi
2008-09-22,187.8808,ndvi
2008-09-29,187.5448,ndvi
2008-10-06,178.3038,ndvi
2008-10-13,176.9478,ndvi
2008-10-20,175.3248,ndvi
2008-10-27,172.6929,ndvi
2008-11-03,169.44,ndvi
2008-11-10,176.9711,ndvi
2008-11-17,179.731,ndvi
2008-11-24,169.0004,ndvi
2008-12-01,157.4703,ndvi
2008-12-08,159.9638,ndvi
2008-12-15,155.0403,ndvi
2008-12-22,151.2723,ndvi
2008-12-29,147.6043,ndvi
2009-01-05,149.8196,ndvi
2009-01-12,152.5492,ndvi
2009-01-19,147.7611,ndvi
2009-01-26,143.8579,ndvi
2009-02-02,144.3177,ndvi
2009-02-09,145.0409,ndvi
2009-02-16,142.9331,ndvi
2009-02-23,142.0097,ndvi
2009-03-02,148.4642,ndvi
2009-03-09,150.949,ndvi
2009-03-16,158.9943,ndvi
2009-03-23,160.832,ndvi
2009-03-30,155.8698,ndvi
2009-04-06,158.9208,ndvi
2009-04-13,175.043,ndvi
2009-04-20,178.6483,ndvi
2009-04-27,183.6894,ndvi
2009-05-04,179.6699,ndvi
2009-05-11,186.9948,ndvi
2009-05-18,193.8265,ndvi
2009-05-25,194.8728,ndvi
2009-06-01,198.37,ndvi
2009-06-08,206.4621,ndvi
2009-06-15,205.8315,ndvi
2009-06-22,205.7869,ndvi
2009-06-29,204.7603,ndvi
2009-07-06,204.693,ndvi
2009-07-13,200.6698,ndvi
2009-07-20,196.6792,ndvi
2009-07-27,194.7135,ndvi
2009-08-03,187.5873,ndvi
2009-08-10,182.9834,ndvi
2009-08-17,184.2076,ndvi
2009-08-24,186.1736,ndvi
2009-08-31,185.3659,ndvi
2009-09-07,184.114,ndvi
2009-09-14,182.1488,ndvi
2009-09-21,183.5544,ndvi
2009-09-28,190.6867,ndvi
2009-10-05,179.3889,ndvi
2009-10-12,174.7006,ndvi
2009-10-19,180.4524,ndvi
2009-10-26,173.2731,ndvi
2009-11-02,165.3761,ndvi
2009-11-09,162.2679,ndvi
2009-11-16,161.5693,ndvi
2009-11-23,165.2956,ndvi
2009-11-30,166.0282,ndvi
2009-12-07,166.114,ndvi
2009-12-14,161.5909,ndvi
2009-12-21,155.7875,ndvi
2009-12-28,147.9224,ndvi
2010-01-04,138.5109,ndvi
2010-01-11,129.0995,ndvi
2010-01-18,119.6881,ndvi
2010-01-25,114.9939,ndvi
2010-02-01,116.5895,ndvi
2010-02-08,118.185,ndvi
2010-02-15,119.7806,ndvi
2010-02-22,121.3398,ndvi
2010-03-01,122.6781,ndvi
2010-03-08,130.9845,ndvi
2010-03-15,136.7282,ndvi
2010-03-22,140.5364,ndvi
2010-03-29,148.8861,ndvi
2010-04-05,157.4855,ndvi
2010-04-12,157.4472,ndvi
2010-04-19,161.6215,ndvi
2010-04-26,156.1394,ndvi
2010-05-03,162.8323,ndvi
2010-05-10,172.6396,ndvi
2010-05-17,187.3823,ndvi
2010-05-24,198.879,ndvi
2010-05-31,187.948,ndvi
2010-06-07,201.145,ndvi
2010-06-14,202.5104,ndvi
2010-06-21,202.2029,ndvi
2010-06-28,198.8092,ndvi
2010-07-05,198.7388,ndvi
2010-07-12,200.3925,ndvi
2010-07-19,200.9737,ndvi
2010-07-26,202.3687,ndvi
2010-08-02,196.1485,ndvi
2010-08-09,194.2168,ndvi
2010-08-16,193.0401,ndvi
2010-08-23,189.1534,ndvi
2010-08-30,189.2537,ndvi
2010-09-06,194.4655,ndvi
2010-09-13,196.8738,ndvi
2010-09-20,190.8021,ndvi
2010-09-27,188.3683,ndvi
2010-10-04,184.2911,ndvi
2010-10-11,182.6871,ndvi
2010-10-18,179.9683,ndvi
2010-10-25,178.7698,ndvi
2010-11-01,180.7618,ndvi
2010-11-08,183.6388,ndvi
2010-11-15,175.4224,ndvi
2010-11-22,138.547,ndvi
2010-11-29,121.2466,ndvi
2010-12-06,107.8089,ndvi
2010-12-13,102.7249,ndvi
2010-12-20,101.4381,ndvi
2010-12-27,102.8063,ndvi
2011-01-03,132.402,ndvi
2011-01-10,152.9351,ndvi
2011-01-17,150.63,ndvi
2011-01-24,142.5084,ndvi
2011-01-31,142.3609,ndvi
2011-02-07,140.2064,ndvi
2011-02-14,137.0052,ndvi
2011-02-21,142.0766,ndvi
2011-02-28,139.7191,ndvi
2011-03-07,137.5828,ndvi
2011-03-14,139.6454,ndvi
2011-03-21,144.1769,ndvi
2011-03-28,150.7401,ndvi
2011-04-04,153.7194,ndvi
2011-04-11,165.2408,ndvi
2011-04-18,172.0779,ndvi
2011-04-25,173.1389,ndvi
2011-05-02,182.6966,ndvi
2011-05-09,188.035,ndvi
2011-05-16,184.1497,ndvi
2011-05-23,193.5954,ndvi
2011-05-30,198.6532,ndvi
2011-06-06,207.1781,ndvi
2011-06-13,214.0487,ndvi
2011-06-20,214.4733,ndvi
2011-06-27,211.9772,ndvi
2011-07-04,210.7132,ndvi
2011-07-11,203.7,ndvi
2011-07-18,186.4263,ndvi
2011-07-25,192.6896,ndvi
2011-08-01,201.8184,ndvi
2011-08-08,194.6719,ndvi
2011-08-15,193.624,ndvi
2011-08-22,194.3719,ndvi
2011-08-29,198.9138,ndvi
2011-09-05,202.3333,ndvi
2011-09-12,187.7061,ndvi
2011-09-19,181.7509,ndvi
2011-09-26,180.1928,ndvi
2011-10-03,179.1672,ndvi
2011-10-10,173.6708,ndvi
2011-10-17,171.2567,ndvi
2011-10-24,173.304,ndvi
2011-10-31,172.3012,ndvi
2011-11-07,163.3399,ndvi
2011-11-14,156.9212,ndvi
2011-11-21,155.1696,ndvi
2011-11-28,151.4789,ndvi
2011-12-05,142.288,ndvi
2011-12-12,142.4334,ndvi
2011-12-19,146.4144,ndvi
2011-12-26,155.2206,ndvi
2012-01-02,161.3822,ndvi
2012-01-09,154.2087,ndvi
2012-01-16,152.0133,ndvi
2012-01-23,143.3731,ndvi
2012-01-30,138.8667,ndvi
2012-02-06,131.9599,ndvi
2012-02-13,148.4056,ndvi
2012-02-20,135.8808,ndvi
2012-02-27,130.7662,ndvi
2012-03-05,139.024,ndvi
2012-03-12,142.3468,ndvi
2012-03-19,147.7893,ndvi
2012-03-26,152.4516,ndvi
2012-04-02,153.5764,ndvi
2012-04-09,153.3004,ndvi
2012-04-16,176.3631,ndvi
2012-04-23,181.8549,ndvi
2012-04-30,179.837,ndvi
2012-05-07,188.4385,ndvi
2012-05-14,181.8863,ndvi
2012-05-21,183.9842,ndvi
2012-05-28,200.2151,ndvi
2012-06-04,206.0028,ndvi
2012-06-11,207.1474,ndvi
2012-06-18,206.4401,ndvi
2012-06-25,206.0413,ndvi
2012-07-02,208.4121,ndvi
2012-07-09,209.5827,ndvi
2012-07-16,199.7702,ndvi
2012-07-23,196.6457,ndvi
2012-07-30,197.3931,ndvi
2012-08-06,194.1873,ndvi
2012-08-13,192.0999,ndvi
2012-08-20,192.1798,ndvi
2012-08-27,191.8274,ndvi
2012-09-03,192.4091,ndvi
2012-09-10,196.0536,ndvi
2012-09-17,195.4572,ndvi
2012-09-24,192.3003,ndvi
2012-10-01,187.3207,ndvi
2012-10-08,178.6719,ndvi
2012-10-15,175.0506,ndvi
2012-10-22,179.067,ndvi
2012-10-29,178.3885,ndvi
2012-11-05,176.624,ndvi
2012-11-12,169.3986,ndvi
2012-11-19,165.26,ndvi
2012-11-26,153.2538,ndvi
2012-12-03,148.8109,ndvi
2012-12-10,153.1301,ndvi
2012-12-17,157.4493,ndvi
2012-12-24,163.262,ndvi
2012-12-31,169.9546,ndvi
2013-01-07,166.8744,ndvi
2013-01-14,162.3126,ndvi
2013-01-21,157.763,ndvi
2013-01-28,154.4737,ndvi
2013-02-04,149.29,ndvi
2013-02-11,143.0775,ndvi
2013-02-18,139.0011,ndvi
2013-02-25,133.8688,ndvi
2013-03-04,125.6467,ndvi
2013-03-11,134.4749,ndvi
2013-03-18,130.0497,ndvi
2013-03-25,128.4633,ndvi
2013-04-01,131.0041,ndvi
2013-04-08,139.6808,ndvi
2013-04-15,149.5682,ndvi
2013-04-22,155.9516,ndvi
2013-04-29,167.116,ndvi
2013-05-06,192.237,ndvi
2013-05-13,189.4039,ndvi
2013-05-20,182.6062,ndvi
2013-05-27,179.6381,ndvi
2013-06-03,187.7373,ndvi
2013-06-10,198.4387,ndvi
2013-06-17,203.1025,ndvi
2013-06-24,207.5695,ndvi
2013-07-01,210.9475,ndvi
2013-07-08,207.5214,ndvi
2013-07-15,201.6196,ndvi
2013-07-22,198.9575,ndvi
2013-07-29,197.6869,ndvi
2013-08-05,197.1117,ndvi
2013-08-12,195.941,ndvi
2013-08-19,191.9347,ndvi
2013-08-26,191.4441,ndvi
2013-09-02,189.7081,ndvi
2013-09-09,195.2627,ndvi
2013-09-16,191.8893,ndvi
2013-09-23,185.9592,ndvi
2013-09-30,180.3881,ndvi
2013-10-07,178.8815,ndvi
2013-10-14,186.6745,ndvi
2013-10-21,180.0903,ndvi
2013-10-28,173.2385,ndvi
2013-11-04,176.5031,ndvi
2013-11-11,182.9812,ndvi
2013-11-18,183.6371,ndvi
2013-11-25,170.2523,ndvi
2013-12-02,144.1563,ndvi
2013-12-09,131.3632,ndvi
2013-12-16,159.7047,ndvi
2013-12-23,152.5959,ndvi
2013-12-30,160.8525,ndvi
2014-01-06,162.4224,ndvi
2014-01-13,176.3105,ndvi
2014-01-20,191.5303,ndvi
2014-01-27,177.5072,ndvi
2014-02-03,161.7069,ndvi
2014-02-10,158.7141,ndvi
2014-02-17,161.2831,ndvi
2014-02-24,162.378,ndvi
2014-03-03,159.9789,ndvi
2014-03-10,167.5044,ndvi
2014-03-17,167.2575,ndvi
2014-03-24,169.2901,ndvi
2014-03-31,178.9575,ndvi
2014-04-07,182.9428,ndvi
2014-04-14,177.5919,ndvi
2014-04-21,178.5977,ndvi
2014-04-28,175.9951,ndvi
2014-05-05,183.4132,ndvi
2014-05-12,181.857,ndvi
2014-05-19,189.2981,ndvi
2014-05-26,197.5168,ndvi
2014-06-02,202.52,ndvi
2014-06-09,206.0701,ndvi
2014-06-16,206.3597,ndvi
2014-06-23,208.6092,ndvi
2014-06-30,203.9091,ndvi
2014-07-07,197.043,ndvi
2014-07-14,193.6751,ndvi
2014-07-21,192.3456,ndvi
2014-07-28,195.6589,ndvi
2014-08-04,201.6976,ndvi
2014-08-11,199.3854,ndvi
2014-08-18,192.574,ndvi
2014-08-25,189.9997,ndvi
2014-09-01,188.0055,ndvi
2014-09-08,188.2385,ndvi
2014-09-15,185.8128,ndvi
2014-09-22,182.6177,ndvi
2014-09-29,182.2596,ndvi
2014-10-06,182.8466,ndvi
2014-10-13,185.5774,ndvi
2014-10-20,187.7803,ndvi
2014-10-27,182.1235,ndvi
2014-11-03,194.2058,ndvi
2014-11-10,194.7046,ndvi
2014-11-17,179.3391,ndvi
2014-11-24,168.3717,ndvi
2014-12-01,168.0405,ndvi
2014-12-08,168.2635,ndvi
2014-12-15,169.5061,ndvi
2014-12-22,166.0516,ndvi
2014-12-29,161.6146,ndvi
2015-01-05,159.8306,ndvi
2015-01-12,161.9092,ndvi
2015-01-19,173.6524,ndvi
2015-01-26,173.7574,ndvi
2015-02-02,161.4744,ndvi
2015-02-09,153.8074,ndvi
2015-02-16,158.3314,ndvi
2015-02-23,162.01,ndvi
2015-03-02,156.9608,ndvi
2015-03-09,155.2499,ndvi
2015-03-16,156.0491,ndvi
2015-03-23,164.4569,ndvi
2015-03-30,167.4098,ndvi
2015-04-06,162.4765,ndvi
2015-04-13,169.1335,ndvi
2015-04-20,171.6384,ndvi
2015-04-27,199.8386,ndvi
2015-05-04,192.5887,ndvi
2015-05-11,187.8793,ndvi
2015-05-18,194.4247,ndvi
2015-05-25,198.4361,ndvi
2015-06-01,195.8933,ndvi
2015-06-08,198.136,ndvi
2015-06-15,203.3079,ndvi
2015-06-22,206.8714,ndvi
2015-06-29,209.2478,ndvi
2015-07-06,210.2801,ndvi
2015-07-13,210.8105,ndvi
2015-07-20,206.6912,ndvi
2015-07-27,198.5272,ndvi
2015-08-03,196.0734,ndvi
2015-08-10,196.88,ndvi
2015-08-17,195.8831,ndvi
2015-08-24,197.0378,ndvi
2015-08-31,196.2197,ndvi
2015-09-07,195.6354,ndvi
2015-09-14,196.5875,ndvi
2015-09-21,196.0405,ndvi
2015-09-28,191.399,ndvi
2015-10-05,187.6282,ndvi
2015-10-12,179.8882,ndvi
2015-10-19,179.8743,ndvi
2015-10-26,181.359,ndvi
2015-11-02,183.7776,ndvi
2015-11-09,183.0632,ndvi
2015-11-16,179.7176,ndvi
2015-11-23,177.8976,ndvi
2015-11-30,159.3174,ndvi
2015-12-07,143.7591,ndvi
2015-12-14,156.4059,ndvi
2015-12-21,160.4094,ndvi
2015-12-28,163.7627,ndvi
2016-01-04,173.1836,ndvi
2016-01-11,181.7651,ndvi
2016-01-18,189.8363,ndvi
2016-01-25,189.0538,ndvi
2016-02-01,176.4389,ndvi
2016-02-08,165.3235,ndvi
2016-02-15,159.8212,ndvi
2016-02-22,155.3314,ndvi
2016-02-29,157.1721,ndvi
2016-03-07,154.079,ndvi
2016-03-14,156.2742,ndvi
2016-03-21,162.2698,ndvi
2016-03-28,165.7831,ndvi
2016-04-04,170.8671,ndvi
2016-04-11,174.6843,ndvi
2016-04-18,174.709,ndvi
2016-04-25,172.9029,ndvi
2016-05-02,174.7097,ndvi
2016-05-09,176.9358,ndvi
2016-05-16,182.5063,ndvi
2016-05-23,190.9557,ndvi
2016-05-30,192.7918,ndvi
2016-06-06,196.1033,ndvi
2016-06-13,210.5277,ndvi
2016-06-20,218.6044,ndvi
2016-06-27,216.7863,ndvi
2016-07-04,209.29,ndvi
2016-07-11,202.8442,ndvi
2016-07-18,200.0929,ndvi
2016-07-25,198.9725,ndvi
2016-08-01,201.4316,ndvi
2016-08-08,195.4073,ndvi
2016-08-15,192.7479,ndvi
2016-08-22,191.7897,ndvi
2016-08-29,192.8752,ndvi
2016-09-05,193.2429,ndvi
2016-09-12,190.7732,ndvi
2016-09-19,189.2992,ndvi
2016-09-26,191.3547,ndvi
2016-10-03,192.7471,ndvi
2016-10-10,184.3397,ndvi
2016-10-17,181.0772,ndvi
2016-10-24,188.2145,ndvi
2016-10-31,191.241,ndvi
2016-11-07,184.4432,ndvi
2016-11-14,182.8331,ndvi
2016-11-21,179.1199,ndvi
2016-11-28,167.0073,ndvi
2016-12-05,165.3737,ndvi
2016-12-12,167.0713,ndvi
2016-12-19,168.769,ndvi
2016-12-26,176.237,ndvi
2017-01-02,183.3733,ndvi
2017-01-09,172.5573,ndvi
2017-01-16,153.9114,ndvi
2017-01-23,153.0443,ndvi
2017-01-30,151.699,ndvi
2017-02-06,144.9349,ndvi
2017-02-13,148.1156,ndvi
2017-02-20,178.1733,ndvi
2017-02-27,175.2605,ndvi
2017-03-06,153.8758,ndvi
2017-03-13,154.7942,ndvi
2017-03-20,162.8848,ndvi
2017-03-27,172.1855,ndvi
2017-04-03,176.8113,ndvi
2017-04-10,178.7187,ndvi
2017-04-17,176.4565,ndvi
2017-04-24,179.7384,ndvi
2017-05-01,181.9084,ndvi
2017-05-08,178.724,ndvi
2017-05-15,183.289,ndvi
2017-05-22,189.6833,ndvi
2017-05-29,197.0041,ndvi
2017-06-05,205.7306,ndvi
2017-06-12,207.9291,ndvi
2017-06-19,206.2787,ndvi
2017-06-26,207.1772,ndvi
2017-07-03,208.1672,ndvi
2017-07-10,203.037,ndvi
2017-07-17,206.3646,ndvi
2017-07-24,204.9689,ndvi
2017-07-31,203.5296,ndvi
2017-08-07,200.8674,ndvi
2017-08-14,198.0342,ndvi
2017-08-21,197.2981,ndvi
2017-08-28,198.1527,ndvi
2017-09-04,197.2971,ndvi
2017-09-11,195.9264,ndvi
2017-09-18,195.0319,ndvi
2017-09-25,193.1171,ndvi
2017-10-02,190.109,ndvi
2017-10-09,177.9532,ndvi
2017-10-16,176.4093,ndvi
2017-10-23,190.008,ndvi
2017-10-30,186.3713,ndvi
2017-11-06,182.4045,ndvi
2017-11-13,181.4649,ndvi
2017-11-20,180.5066,ndvi
2017-11-27,164.393,ndvi
2017-12-04,162.7052,ndvi
2017-12-11,168.6741,ndvi
2017-12-18,163.5443,ndvi
2017-12-25,161.4108,ndvi
2018-01-01,155.2809,ndvi
2018-01-08,146.6764,ndvi
2018-01-15,167.0094,ndvi
2018-01-22,163.2156,ndvi
2018-01-29,157.9101,ndvi
2018-02-05,159.4081,ndvi
2018-02-12,153.927,ndvi
2018-02-19,141.5611,ndvi
2018-02-26,136.873,ndvi
2018-03-05,139.7623,ndvi
2018-03-12,136.7085,ndvi
2018-03-19,151.9803,ndvi
2018-03-26,149.1829,ndvi
2018-04-02,149.2232,ndvi
2018-04-09,161.8193,ndvi
2018-04-16,170.1874,ndvi
2018-04-23,171.6545,ndvi
2018-04-30,175.2022,ndvi
2018-05-07,181.5642,ndvi
2018-05-14,182.3976,ndvi
2018-05-21,187.1594,ndvi
2018-05-28,195.7439,ndvi
2018-06-04,199.7343,ndvi
2018-06-11,206.4774,ndvi
2018-06-18,208.86,ndvi
2018-06-25,203.0227,ndvi
2018-07-02,201.0411,ndvi
2018-07-09,189.9216,ndvi
2018-07-16,175.1899,ndvi
2018-07-23,167.3912,ndvi
2018-07-30,63.6937,ndvi
2018-08-06,91.6933,ndvi
2018-08-13,187.0048,ndvi
2018-08-20,191.3816,ndvi
2018-08-27,189.1449,ndvi
2018-09-03,193.0075,ndvi
2018-09-10,185.6549,ndvi
2018-09-17,182.9888,ndvi
2018-09-24,181.7823,ndvi
2018-10-01,179.3111,ndvi
2018-10-08,176.877,ndvi
2018-10-15,178.9126,ndvi
2018-10-22,186.9194,ndvi
2018-10-29,184.689,ndvi
2018-11-05,182.0628,ndvi
2018-11-12,180.3461,ndvi
2018-11-19,174.1598,ndvi
2018-11-26,168.9873,ndvi
2018-12-03,164.2171,ndvi
2018-12-10,162.4408,ndvi
2018-12-17,169.6672,ndvi
2018-12-24,169.0404,ndvi
2018-12-31,165.089,ndvi
2019-01-07,159.1617,ndvi
2019-01-14,173.3628,ndvi
2019-01-21,179.088,ndvi
2019-01-28,182.7167,ndvi
2019-02-04,172.3553,ndvi
2019-02-11,162.9868,ndvi
2019-02-18,160.8376,ndvi
2019-02-25,164.5166,ndvi
2019-03-04,176.7359,ndvi
2019-03-11,187.3792,ndvi
2019-03-18,172.831,ndvi
2019-03-25,174.8759,ndvi
2019-04-01,176.6346,ndvi
2019-04-08,175.149,ndvi
2019-04-15,175.1166,ndvi
2019-04-22,176.9595,ndvi
2019-04-29,177.2294,ndvi
2019-05-06,176.3028,ndvi
2019-05-13,178.2984,ndvi
2019-05-20,178.685,ndvi
2019-05-27,189.7295,ndvi
2019-06-03,203.4271,ndvi
2019-06-10,207.7976,ndvi
2019-06-17,203.9803,ndvi
2019-06-24,203.7493,ndvi
2019-07-01,202.7371,ndvi
2019-07-08,201.3562,ndvi
2019-07-15,196.3419,ndvi
2019-07-22,186.8746,ndvi
2019-07-29,185.9363,ndvi
2019-08-05,189.6325,ndvi
2019-08-12,189.1454,ndvi
2019-08-19,186.5878,ndvi
2019-08-26,180.7665,ndvi
2019-09-02,187.4404,ndvi
2019-09-09,189.8751,ndvi
2019-09-16,185.8006,ndvi
2019-09-23,192.041,ndvi
2019-09-30,200.5122,ndvi
2019-10-07,199.4767,ndvi
2019-10-14,196.9543,ndvi
2019-10-21,189.8413,ndvi
2019-10-28,186.9122,ndvi
2019-11-04,183.9328,ndvi
2019-11-11,180.8297,ndvi
2019-11-18,173.133,ndvi
2019-11-25,160.3596,ndvi
2019-12-02,158.7694,ndvi
2019-12-09,175.3182,ndvi
2019-12-16,157.0513,ndvi
2019-12-23,162.8166,ndvi
2019-12-30,174.0175,ndvi
2020-01-06,185.4989,ndvi
2020-01-13,195.7594,ndvi
2020-01-20,191.3688,ndvi
2020-01-27,182.9086,ndvi
2020-02-03,179.5626,ndvi
2020-02-10,180.0523,ndvi
2020-02-17,178.3272,ndvi
2020-02-24,173.6156,ndvi
2020-03-02,174.7425,ndvi
2020-03-09,171.2176,ndvi
2020-03-16,163.8538,ndvi
2020-03-23,160.092,ndvi
2020-03-30,161.3673,ndvi
2020-04-06,164.2135,ndvi
2020-04-13,166.6821,ndvi
2020-04-20,170.6623,ndvi
2020-04-27,175.5207,ndvi
2020-05-04,177.9814,ndvi
2020-05-11,181.3187,ndvi
2020-05-18,183.9932,ndvi
2020-05-25,184.121,ndvi
2020-06-01,187.815,ndvi
2020-06-08,198.3414,ndvi
2020-06-15,206.2686,ndvi
2020-06-22,205.3171,ndvi
2020-06-29,206.5347,ndvi
2020-07-06,208.1092,ndvi
2020-07-13,205.6802,ndvi
2020-07-20,203.0204,ndvi
2020-07-27,199.1914,ndvi
2020-08-03,193.0711,ndvi
2020-08-10,190.4833,ndvi
2020-08-17,194.0136,ndvi
2020-08-24,198.4288,ndvi
2020-08-31,198.4139,ndvi
2020-09-07,195.229,ndvi
2020-09-14,194.8297,ndvi
2020-09-21,196.4504,ndvi
2020-09-28,197.1055,ndvi
2020-10-05,196.7253,ndvi
2020-10-12,192.334,ndvi
2020-10-19,186.5974,ndvi
2020-10-26,189.0144,ndvi
2020-11-02,188.2528,ndvi
2020-11-09,189.1632,ndvi
2020-11-16,205.4517,ndvi
2020-11-23,228.3874,ndvi
2020-11-30,230.085,ndvi
2020-12-07,231.1391,ndvi
2020-12-14,232.1932,ndvi
2020-12-21,233.2473,ndvi
2020-12-28,234.3014,ndvi
2021-01-04,234.4211,ndvi
2021-01-11,203.7035,ndvi
2021-01-18,180.6311,ndvi
2021-01-25,173.0098,ndvi
2021-02-01,164.3278,ndvi
2021-02-08,155.6458,ndvi
2021-02-15,149.3783,ndvi
2021-02-22,156.9796,ndvi
2021-03-01,155.224,ndvi
2021-03-08,165.8243,ndvi
2021-03-15,168.3776,ndvi
2021-03-22,164.7239,ndvi
2021-03-29,168.1921,ndvi
2021-04-05,170.9889,ndvi
2021-04-12,170.4364,ndvi
2021-04-19,174.0747,ndvi
2021-04-26,191.5896,ndvi
2021-05-03,194.4886,ndvi
2021-05-10,184.1398,ndvi
2021-05-17,177.864,ndvi
2021-05-24,181.7009,ndvi
2021-05-31,184.597,ndvi
2021-06-07,186.7959,ndvi
2021-06-14,196.7685,ndvi
2021-06-21,202.0144,ndvi
2021-06-28,207.4497,ndvi
2021-07-05,209.7954,ndvi
2021-07-12,204.2941,ndvi
2021-07-19,198.9827,ndvi
2021-07-26,206.0844,ndvi
2021-08-02,204.7844,ndvi
2021-08-09,200.4427,ndvi
2021-08-16,202.4093,ndvi
2021-08-23,201.4543,ndvi
2021-08-30,200.0756,ndvi
2021-09-06,200.2811,ndvi
2021-09-13,201.4584,ndvi
2021-09-20,202.6351,ndvi
2021-09-27,198.6822,ndvi
2021-10-04,193.5101,ndvi
2021-10-11,187.2687,ndvi
2021-10-18,191.713,ndvi
2021-10-25,191.5012,ndvi
2021-11-01,188.3099,ndvi
2021-11-08,187.1369,ndvi
2021-11-15,189.9399,ndvi
2021-11-22,227.1489,ndvi
2021-11-29,213.4009,ndvi
2021-12-06,190.8019,ndvi
2021-12-13,168.2028,ndvi
2021-12-20,145.6038,ndvi
2021-12-27,123.0047,ndvi
2022-01-03,100.4057,ndvi
2022-01-10,127.4559,ndvi
2022-01-17,167.4092,ndvi
2022-01-24,171.9619,ndvi
2022-01-31,174.8892,ndvi
2022-02-07,189.2673,ndvi
2022-02-14,170.3085,ndvi
2022-02-21,164.7056,ndvi
2022-02-28,158.566,ndvi
2022-03-07,155.3355,ndvi
2022-03-14,155.653,ndvi
2022-03-21,156.7622,ndvi
2022-03-28,161.5435,ndvi
2022-04-04,166.1297,ndvi
2022-04-11,169.3372,ndvi
2022-04-18,178.1715,ndvi
2022-04-25,182.4431,ndvi
2022-05-02,183.1879,ndvi
2022-05-09,186.2912,ndvi
2022-05-16,190.9523,ndvi
2022-05-23,190.6273,ndvi
2022-05-30,191.5124,ndvi
2022-06-06,200.2542,ndvi
2022-06-13,203.8915,ndvi
2022-06-20,205.2121,ndvi
2022-06-27,209.2618,ndvi
2022-07-04,209.6614,ndvi
2022-07-11,202.2303,ndvi
2022-07-18,197.405,ndvi
2022-07-25,200.0737,ndvi
2022-08-01,192.1777,ndvi
2022-08-08,183.7524,ndvi
2022-08-15,180.7269,ndvi
2022-08-22,178.1442,ndvi
2022-08-29,176.8928,ndvi
2022-09-05,180.5745,ndvi
2022-09-12,186.3563,ndvi
2022-09-19,188.703,ndvi
2022-09-26,185.896,ndvi
2022-10-03,184.6931,ndvi
2022-10-10,184.1671,ndvi
2022-10-17,183.641,ndvi
2022-10-24,186.9742,ndvi
2022-10-31,192.1508,ndvi
2022-11-07,190.1275,ndvi
2022-11-14,191.4393,ndvi
2022-11-21,211.6246,ndvi
2022-11-28,215.7183,ndvi
2022-12-05,214.4199,ndvi
2022-12-12,213.1214,ndvi
2022-12-19,211.823,ndvi
2022-12-26,210.5246,ndvi
2023-01-02,209.2262,ndvi
2023-01-09,207.9277,ndvi
2023-01-16,203.6679,ndvi
2023-01-23,192.6327,ndvi
2023-01-30,181.0063,ndvi
2023-02-06,173.3813,ndvi
2023-02-13,174.8514,ndvi
2023-02-20,172.2348,ndvi
2023-02-27,164.775,ndvi
2023-03-06,164.7726,ndvi
2023-03-13,168.2063,ndvi
2023-03-20,160.2732,ndvi
2023-03-27,173.6003,ndvi
2023-04-03,167.4933,ndvi
2023-04-10,172.4207,ndvi
2023-04-17,182.9847,ndvi
2023-04-24,184.9373,ndvi
2023-05-01,183.2002,ndvi
2023-05-08,182.5448,ndvi
2023-05-15,176.3269,ndvi
2023-05-22,176.4819,ndvi
2023-05-29,179.237,ndvi
2023-06-05,182.3515,ndvi
2023-06-12,187.7142,ndvi
2023-06-19,193.7369,ndvi
2023-06-26,195.9684,ndvi
2023-07-03,187.4578,ndvi
2023-07-10,174.8031,ndvi
2023-07-17,192.008,ndvi
2023-07-24,194.846,ndvi
2023-07-31,195.0054,ndvi
2023-08-07,198.391,ndvi
2023-08-14,197.753,ndvi
2023-08-21,196.3099,ndvi
2023-08-28,196.0678,ndvi
2023-09-04,191.9173,ndvi
2023-09-11,197.9216,ndvi
2023-09-18,196.2577,ndvi
2023-09-25,167.883,ndvi
2023-10-02,185.815,ndvi
2023-10-09,202.4946,ndvi
2023-10-16,197.3439,ndvi
2023-10-23,187.7543,ndvi
2023-10-30,181.0369,ndvi
2023-11-06,192.6196,ndvi
2023-11-13,201.0962,ndvi
2023-11-20,192.4783,ndvi
2023-11-27,188.3233,ndvi
2023-12-04,188.3233,ndvi
2023-12-11,188.3233,ndvi
2023-12-18,188.3233,ndvi
2023-12-25,188.3233,ndvi
